-- phpMyAdmin SQL Dump
-- version 4.9.0.1
-- https://www.phpmyadmin.net/
--
-- Host: sql100.infinityfree.com
-- Tempo de geração: 09/09/2025 às 08:03
-- Versão do servidor: 10.6.22-MariaDB
-- Versão do PHP: 7.2.22

SET SQL_MODE = "NO_AUTO_VALUE_ON_ZERO";
SET AUTOCOMMIT = 0;
START TRANSACTION;
SET time_zone = "+00:00";


/*!40101 SET @OLD_CHARACTER_SET_CLIENT=@@CHARACTER_SET_CLIENT */;
/*!40101 SET @OLD_CHARACTER_SET_RESULTS=@@CHARACTER_SET_RESULTS */;
/*!40101 SET @OLD_COLLATION_CONNECTION=@@COLLATION_CONNECTION */;
/*!40101 SET NAMES utf8mb4 */;

--
-- Banco de dados: `if0_38177404_bancoprovas`
--

-- --------------------------------------------------------

--
-- Estrutura para tabela `Aluno`
--

CREATE TABLE `Aluno` (
  `idAluno` int(11) NOT NULL,
  `nomeAluno` varchar(100) NOT NULL,
  `idClasse` int(11) NOT NULL,
  `idEscola` int(11) DEFAULT NULL
) ENGINE=InnoDB DEFAULT CHARSET=utf8mb4 COLLATE=utf8mb4_general_ci;

--
-- Despejando dados para a tabela `Aluno`
--



-- --------------------------------------------------------

--
-- Estrutura para tabela `AlunoDisciplina`
--

CREATE TABLE `AlunoDisciplina` (
  `idAluno` int(11) NOT NULL,
  `idDisciplina` int(11) NOT NULL
) ENGINE=InnoDB DEFAULT CHARSET=utf8mb4 COLLATE=utf8mb4_general_ci;

--
-- Despejando dados para a tabela `AlunoDisciplina`
--

INSERT INTO `AlunoDisciplina` (`idAluno`, `idDisciplina`) VALUES
(1, 5),
(1, 10),
(2, 5),
(2, 10),
(3, 5),
(3, 10),
(4, 5),
(4, 10),
(5, 5),
(5, 10),
(6, 5),
(6, 10),
(7, 5),
(7, 10),
(8, 5),
(8, 10),
(9, 5),
(9, 10),
(10, 5),
(10, 10),
(11, 5),
(11, 10),
(12, 5),
(12, 10),
(13, 5),
(13, 10),
(14, 5),
(14, 10),
(15, 5),
(15, 10),
(16, 5),
(16, 10),
(17, 5),
(17, 10),
(18, 1),
(18, 6),
(19, 1),
(19, 6),
(20, 1),
(20, 6),
(21, 1),
(21, 6),
(22, 1),
(22, 6),
(23, 1),
(23, 6),
(24, 1),
(24, 6),
(25, 1),
(25, 6),
(26, 1),
(26, 6),
(27, 1),
(27, 6),
(28, 1),
(28, 6),
(29, 1),
(29, 6),
(30, 1),
(30, 6),
(31, 1),
(31, 6),
(32, 1),
(32, 6),
(33, 1),
(33, 6),
(34, 1),
(34, 6),
(35, 1),
(35, 6),
(36, 1),
(36, 6),
(37, 2),
(37, 7),
(38, 2),
(38, 7),
(39, 2),
(39, 7),
(40, 2),
(40, 7),
(41, 2),
(41, 7),
(42, 2),
(42, 7),
(43, 2),
(43, 7),
(44, 2),
(44, 7),
(45, 2),
(45, 7),
(46, 2),
(46, 7),
(47, 2),
(47, 7),
(48, 2),
(48, 7),
(49, 2),
(49, 7),
(50, 2),
(50, 7),
(51, 2),
(51, 7),
(52, 2),
(52, 7),
(53, 2),
(53, 7),
(54, 1),
(54, 6),
(55, 1),
(55, 6),
(56, 1),
(56, 6),
(57, 1),
(57, 6),
(58, 1),
(58, 6),
(59, 1),
(59, 6),
(60, 1),
(60, 6),
(61, 1),
(61, 6),
(62, 1),
(62, 6),
(63, 1),
(63, 6),
(64, 2),
(64, 7),
(65, 2),
(65, 7),
(66, 2),
(66, 7),
(67, 2),
(67, 7),
(68, 2),
(68, 7),
(69, 2),
(69, 7),
(70, 2),
(70, 7),
(71, 2),
(71, 7),
(72, 3),
(72, 8),
(73, 3),
(73, 8),
(74, 3),
(74, 8),
(75, 3),
(75, 8),
(76, 3),
(76, 8),
(77, 3),
(77, 8),
(78, 3),
(78, 8),
(79, 3),
(79, 8),
(80, 3),
(80, 8),
(81, 4),
(81, 9),
(82, 4),
(82, 9),
(83, 4),
(83, 9),
(84, 4),
(84, 9),
(85, 4),
(85, 9),
(86, 4),
(86, 9),
(87, 4),
(87, 9),
(88, 4),
(88, 9),
(89, 4),
(89, 9),
(90, 4),
(90, 9),
(91, 4),
(91, 9),
(92, 4),
(92, 9),
(93, 4),
(93, 9),
(94, 2),
(94, 7),
(95, 2),
(95, 7),
(96, 2),
(96, 7),
(97, 2),
(97, 7),
(98, 2),
(98, 7),
(99, 2),
(99, 7),
(100, 2),
(100, 7),
(101, 2),
(101, 7),
(102, 2),
(102, 7),
(103, 2),
(103, 7),
(104, 2),
(104, 7),
(105, 2),
(105, 7),
(106, 2),
(106, 7),
(107, 2),
(107, 7),
(108, 2),
(108, 7),
(109, 3),
(109, 8),
(110, 3),
(110, 8),
(111, 3),
(111, 8),
(112, 3),
(112, 8),
(113, 3),
(113, 8),
(114, 3),
(114, 8),
(115, 3),
(115, 8),
(116, 1),
(116, 6),
(117, 1),
(117, 6),
(118, 1),
(118, 6),
(119, 1),
(119, 6),
(120, 1),
(120, 6),
(121, 1),
(121, 6),
(122, 1),
(122, 6),
(123, 1),
(123, 6),
(124, 1),
(124, 6),
(125, 1),
(125, 6),
(126, 1),
(126, 6),
(127, 1),
(127, 6),
(128, 1),
(128, 6),
(129, 1),
(129, 6),
(130, 1),
(130, 6),
(131, 1),
(131, 6),
(132, 3),
(132, 8),
(133, 3),
(133, 8),
(134, 3),
(134, 8),
(135, 3),
(135, 8),
(136, 3),
(136, 8),
(137, 3),
(137, 8),
(138, 3),
(138, 8),
(139, 3),
(139, 8),
(140, 3),
(140, 8),
(141, 3),
(141, 8),
(142, 3),
(142, 8),
(143, 3),
(143, 8),
(144, 3),
(144, 8),
(145, 3),
(145, 8),
(146, 3),
(146, 8),
(147, 3),
(147, 8),
(148, 3),
(148, 8),
(149, 3),
(149, 8),
(150, 3),
(150, 8),
(151, 3),
(151, 8),
(152, 3),
(152, 8),
(153, 3),
(153, 8),
(154, 3),
(154, 8),
(155, 3),
(155, 8),
(156, 3),
(156, 8),
(157, 4),
(157, 9),
(158, 4),
(158, 9),
(159, 4),
(159, 9),
(160, 4),
(160, 9),
(161, 4),
(161, 9),
(162, 4),
(162, 9),
(163, 4),
(163, 9),
(164, 4),
(164, 9),
(165, 4),
(165, 9),
(166, 4),
(166, 9),
(167, 4),
(167, 9),
(168, 4),
(168, 9),
(169, 4),
(169, 9),
(170, 4),
(170, 9),
(171, 4),
(171, 9),
(172, 4),
(172, 9),
(173, 4),
(173, 9),
(174, 4),
(174, 9),
(175, 4),
(175, 9),
(176, 4),
(176, 9),
(177, 4),
(177, 9),
(178, 4),
(178, 9),
(179, 4),
(179, 9),
(180, 4),
(180, 9),
(181, 4),
(181, 9),
(182, 5),
(182, 10),
(183, 5),
(183, 10),
(184, 5),
(184, 10),
(185, 5),
(185, 10),
(186, 5),
(186, 10),
(187, 5),
(187, 10),
(188, 5),
(188, 10),
(189, 5),
(189, 10),
(190, 5),
(190, 10),
(191, 5),
(191, 10),
(192, 5),
(192, 10),
(193, 5),
(193, 10),
(194, 5),
(194, 10),
(195, 5),
(195, 10),
(196, 5),
(196, 10),
(197, 5),
(197, 10),
(198, 5),
(198, 10),
(199, 5),
(199, 10),
(200, 5),
(200, 10),
(201, 5),
(201, 10),
(202, 5),
(202, 10),
(203, 5),
(203, 10),
(204, 5),
(204, 10),
(205, 5),
(205, 10),
(206, 5),
(206, 10),
(207, 5),
(207, 10),
(208, 5),
(208, 10),
(209, 1),
(209, 6),
(210, 1),
(210, 6),
(211, 1),
(211, 6),
(212, 1),
(212, 6),
(213, 1),
(213, 6),
(214, 1),
(214, 6),
(215, 1),
(215, 6),
(216, 1),
(216, 6),
(217, 1),
(217, 6),
(218, 1),
(218, 6),
(219, 1),
(219, 6),
(220, 1),
(220, 6),
(221, 1),
(221, 6),
(222, 1),
(222, 6),
(223, 1),
(223, 6),
(224, 1),
(224, 6),
(225, 1),
(225, 6),
(226, 1),
(226, 6),
(227, 1),
(227, 6),
(228, 1),
(228, 6),
(229, 1),
(229, 6),
(230, 1),
(230, 6),
(231, 1),
(231, 6),
(232, 1),
(232, 6),
(233, 1),
(233, 6),
(234, 1),
(234, 6),
(235, 1),
(235, 6),
(236, 1),
(236, 6),
(237, 1),
(237, 6),
(238, 1),
(238, 6),
(239, 1),
(239, 6),
(240, 1),
(240, 6),
(241, 1),
(241, 6),
(242, 1),
(242, 6),
(243, 1),
(243, 6),
(244, 1),
(244, 6),
(245, 1),
(245, 6),
(246, 1),
(246, 6),
(247, 1),
(247, 6),
(248, 1),
(248, 6),
(249, 1),
(249, 6),
(250, 1),
(250, 6),
(251, 1),
(251, 6),
(252, 1),
(252, 6),
(253, 1),
(253, 6),
(254, 1),
(254, 6),
(255, 1),
(255, 6),
(256, 1),
(256, 6),
(257, 1),
(257, 6),
(258, 1),
(258, 6),
(259, 1),
(259, 6),
(260, 1),
(260, 6),
(261, 1),
(261, 6),
(262, 1),
(262, 6),
(263, 1),
(263, 6),
(264, 1),
(264, 6),
(265, 1),
(265, 6),
(266, 1),
(266, 6),
(267, 1),
(267, 6),
(268, 1),
(268, 6),
(269, 1),
(269, 6),
(270, 1),
(270, 6),
(271, 1),
(271, 6),
(272, 1),
(272, 6),
(273, 1),
(273, 6),
(274, 1),
(274, 6),
(275, 1),
(275, 6),
(276, 1),
(276, 6),
(277, 1),
(277, 6),
(278, 1),
(278, 6),
(279, 1),
(279, 6),
(280, 2),
(280, 7),
(281, 2),
(281, 7),
(282, 2),
(282, 7),
(283, 2),
(283, 7),
(284, 2),
(284, 7),
(285, 2),
(285, 7),
(286, 2),
(286, 7),
(287, 2),
(287, 7),
(288, 2),
(288, 7),
(289, 2),
(289, 7),
(290, 2),
(290, 7),
(291, 2),
(291, 7),
(292, 2),
(292, 7),
(293, 2),
(293, 7),
(294, 2),
(294, 7),
(295, 2),
(295, 7),
(296, 2),
(296, 7),
(297, 2),
(297, 7),
(298, 2),
(298, 7),
(299, 2),
(299, 7),
(300, 2),
(300, 7),
(301, 2),
(301, 7),
(302, 2),
(302, 7),
(303, 2),
(303, 7),
(304, 2),
(304, 7),
(305, 2),
(305, 7),
(306, 2),
(306, 7),
(307, 2),
(307, 7),
(308, 2),
(308, 7),
(309, 2),
(309, 7),
(310, 2),
(310, 7),
(311, 2),
(311, 7),
(312, 2),
(312, 7),
(313, 2),
(313, 7),
(314, 2),
(314, 7),
(315, 2),
(315, 7),
(316, 2),
(316, 7),
(317, 2),
(317, 7),
(318, 2),
(318, 7),
(319, 2),
(319, 7),
(320, 2),
(320, 7),
(321, 2),
(321, 7),
(322, 2),
(322, 7),
(323, 2),
(323, 7),
(324, 2),
(324, 7),
(325, 2),
(325, 7),
(326, 2),
(326, 7),
(327, 2),
(327, 7),
(328, 2),
(328, 7),
(329, 2),
(329, 7),
(330, 2),
(330, 7),
(331, 2),
(331, 7),
(332, 2),
(332, 7),
(333, 2),
(333, 7),
(334, 2),
(334, 7),
(335, 2),
(335, 7),
(336, 2),
(336, 7),
(337, 3),
(337, 8),
(338, 3),
(338, 8),
(339, 3),
(339, 8),
(340, 3),
(340, 8),
(341, 3),
(341, 8),
(342, 3),
(342, 8),
(343, 3),
(343, 8),
(344, 3),
(344, 8),
(345, 3),
(345, 8),
(346, 3),
(346, 8),
(347, 3),
(347, 8),
(348, 3),
(348, 8),
(349, 3),
(349, 8),
(350, 3),
(350, 8),
(351, 3),
(351, 8),
(352, 3),
(352, 8),
(353, 3),
(353, 8),
(354, 3),
(354, 8),
(355, 3),
(355, 8),
(356, 3),
(356, 8),
(357, 3),
(357, 8),
(358, 3),
(358, 8),
(359, 3),
(359, 8),
(360, 3),
(360, 8),
(361, 3),
(361, 8),
(362, 3),
(362, 8),
(363, 3),
(363, 8),
(364, 3),
(364, 8),
(365, 3),
(365, 8),
(366, 3),
(366, 8),
(367, 3),
(367, 8),
(368, 3),
(368, 8),
(369, 3),
(369, 8),
(370, 3),
(370, 8),
(371, 3),
(371, 8),
(372, 3),
(372, 8),
(373, 3),
(373, 8),
(374, 3),
(374, 8),
(375, 3),
(375, 8),
(376, 3),
(376, 8),
(377, 3),
(377, 8),
(378, 3),
(378, 8),
(379, 3),
(379, 8),
(380, 3),
(380, 8),
(381, 3),
(381, 8),
(382, 3),
(382, 8),
(383, 3),
(383, 8),
(384, 3),
(384, 8),
(385, 3),
(385, 8),
(386, 3),
(386, 8),
(387, 3),
(387, 8),
(388, 3),
(388, 8),
(389, 3),
(389, 8),
(390, 3),
(390, 8),
(391, 3),
(391, 8),
(392, 3),
(392, 8),
(393, 3),
(393, 8),
(394, 3),
(394, 8),
(395, 3),
(395, 8),
(396, 3),
(396, 8),
(397, 3),
(397, 8),
(398, 3),
(398, 8),
(399, 3),
(399, 8),
(400, 4),
(400, 9),
(401, 4),
(401, 9),
(402, 4),
(402, 9),
(403, 4),
(403, 9),
(404, 4),
(404, 9),
(405, 4),
(405, 9),
(406, 4),
(406, 9),
(407, 4),
(407, 9),
(408, 4),
(408, 9),
(409, 4),
(409, 9),
(410, 4),
(410, 9),
(411, 4),
(411, 9),
(412, 4),
(412, 9),
(413, 4),
(413, 9),
(414, 4),
(414, 9),
(415, 4),
(415, 9),
(416, 4),
(416, 9),
(417, 4),
(417, 9),
(418, 4),
(418, 9),
(419, 4),
(419, 9),
(420, 4),
(420, 9),
(421, 4),
(421, 9),
(422, 4),
(422, 9),
(423, 4),
(423, 9),
(424, 4),
(424, 9),
(425, 4),
(425, 9),
(426, 4),
(426, 9),
(427, 4),
(427, 9),
(428, 4),
(428, 9),
(429, 4),
(429, 9),
(430, 4),
(430, 9),
(431, 4),
(431, 9),
(432, 4),
(432, 9),
(433, 4),
(433, 9),
(434, 4),
(434, 9),
(435, 4),
(435, 9),
(436, 4),
(436, 9),
(437, 4),
(437, 9),
(438, 4),
(438, 9),
(439, 4),
(439, 9),
(440, 4),
(440, 9),
(441, 4),
(441, 9),
(442, 4),
(442, 9),
(443, 4),
(443, 9),
(444, 4),
(444, 9),
(445, 4),
(445, 9),
(446, 4),
(446, 9),
(447, 4),
(447, 9),
(448, 4),
(448, 9),
(449, 4),
(449, 9),
(450, 4),
(450, 9),
(451, 4),
(451, 9),
(452, 4),
(452, 9),
(453, 4),
(453, 9),
(454, 4),
(454, 9),
(455, 4),
(455, 9),
(456, 4),
(456, 9),
(457, 4),
(457, 9),
(458, 4),
(458, 9),
(459, 4),
(459, 9),
(460, 4),
(460, 9),
(461, 4),
(461, 9),
(462, 4),
(462, 9),
(463, 4),
(463, 9),
(464, 5),
(464, 10),
(465, 5),
(465, 10),
(466, 5),
(466, 10),
(467, 5),
(467, 10),
(468, 5),
(468, 10),
(469, 5),
(469, 10),
(470, 5),
(470, 10),
(471, 5),
(471, 10),
(472, 5),
(472, 10),
(473, 5),
(473, 10),
(474, 5),
(474, 10),
(475, 5),
(475, 10),
(476, 5),
(476, 10),
(477, 5),
(477, 10),
(478, 5),
(478, 10),
(479, 5),
(479, 10),
(480, 5),
(480, 10),
(481, 5),
(481, 10),
(482, 5),
(482, 10),
(483, 5),
(483, 10),
(484, 5),
(484, 10),
(485, 5),
(485, 10),
(486, 5),
(486, 10),
(487, 5),
(487, 10),
(488, 5),
(488, 10),
(489, 5),
(489, 10),
(490, 5),
(490, 10),
(491, 5),
(491, 10),
(492, 5),
(492, 10),
(493, 5),
(493, 10),
(494, 5),
(494, 10),
(495, 5),
(495, 10),
(496, 5),
(496, 10),
(497, 5),
(497, 10),
(498, 5),
(498, 10),
(499, 5),
(499, 10),
(500, 5),
(500, 10),
(501, 5),
(501, 10),
(502, 5),
(502, 10),
(503, 5),
(503, 10),
(504, 5),
(504, 10),
(505, 5),
(505, 10),
(506, 5),
(506, 10),
(507, 5),
(507, 10),
(508, 5),
(508, 10),
(509, 5),
(509, 10),
(510, 5),
(510, 10),
(511, 5),
(511, 10),
(512, 5),
(512, 10),
(513, 5),
(513, 10),
(514, 5),
(514, 10),
(515, 5),
(515, 10),
(516, 5),
(516, 10),
(517, 5),
(517, 10),
(518, 5),
(518, 10),
(519, 5),
(519, 10),
(520, 5),
(520, 10),
(521, 5),
(521, 10),
(522, 5),
(522, 10),
(523, 5),
(523, 10),
(524, 5),
(524, 10),
(525, 5),
(525, 10),
(526, 5),
(526, 10),
(527, 1),
(527, 6),
(528, 1),
(528, 6),
(529, 1),
(529, 6),
(530, 1),
(530, 6),
(531, 1),
(531, 6),
(532, 1),
(532, 6),
(533, 1),
(533, 6),
(534, 1),
(534, 6),
(535, 1),
(535, 6),
(536, 1),
(536, 6),
(537, 1),
(537, 6),
(538, 1),
(538, 6),
(539, 1),
(539, 6),
(540, 1),
(540, 6),
(541, 1),
(541, 6),
(542, 1),
(542, 6),
(543, 1),
(543, 6),
(544, 1),
(544, 6),
(545, 1),
(545, 6),
(546, 1),
(546, 6),
(547, 1),
(547, 6),
(548, 1),
(548, 6),
(549, 1),
(549, 6),
(550, 1),
(550, 6),
(551, 1),
(551, 6),
(552, 1),
(552, 6),
(553, 1),
(553, 6),
(554, 1),
(554, 6),
(555, 1),
(555, 6),
(556, 1),
(556, 6),
(557, 1),
(557, 6),
(558, 1),
(558, 6),
(559, 1),
(559, 6),
(560, 1),
(560, 6),
(561, 1),
(561, 6),
(562, 1),
(562, 6),
(564, 2),
(564, 7),
(565, 2),
(565, 7),
(566, 2),
(566, 7),
(567, 2),
(567, 7),
(568, 2),
(568, 7),
(569, 2),
(569, 7),
(570, 2),
(570, 7),
(571, 2),
(571, 7),
(572, 2),
(572, 7),
(573, 2),
(573, 7),
(574, 2),
(574, 7),
(575, 2),
(575, 7),
(576, 2),
(576, 7),
(577, 2),
(577, 7),
(578, 2),
(578, 7),
(579, 2),
(579, 7),
(580, 2),
(580, 7),
(581, 2),
(581, 7),
(582, 2),
(582, 7),
(583, 2),
(583, 7),
(584, 2),
(584, 7),
(585, 2),
(585, 7),
(586, 2),
(586, 7),
(587, 2),
(587, 7),
(588, 2),
(588, 7),
(589, 2),
(589, 7),
(590, 2),
(590, 7),
(591, 2),
(591, 7),
(592, 2),
(592, 7),
(593, 2),
(593, 7),
(594, 2),
(594, 7),
(595, 2),
(595, 7),
(596, 2),
(596, 7),
(597, 2),
(597, 7),
(598, 2),
(598, 7),
(599, 3),
(599, 8),
(600, 3),
(600, 8),
(601, 3),
(601, 8),
(602, 3),
(602, 8),
(603, 3),
(603, 8),
(604, 3),
(604, 8),
(605, 3),
(605, 8),
(606, 3),
(606, 8),
(607, 3),
(607, 8),
(608, 3),
(608, 8),
(609, 3),
(609, 8),
(610, 3),
(610, 8),
(611, 3),
(611, 8),
(612, 3),
(612, 8),
(613, 3),
(613, 8),
(614, 3),
(614, 8),
(615, 3),
(615, 8),
(616, 3),
(616, 8),
(617, 3),
(617, 8),
(618, 3),
(618, 8),
(619, 3),
(619, 8),
(620, 3),
(620, 8),
(621, 3),
(621, 8),
(622, 3),
(622, 8),
(623, 3),
(623, 8),
(624, 3),
(624, 8),
(625, 4),
(625, 9),
(626, 4),
(626, 9),
(627, 4),
(627, 9),
(628, 4),
(628, 9),
(629, 4),
(629, 9),
(630, 4),
(630, 9),
(631, 4),
(631, 9),
(632, 4),
(632, 9),
(633, 4),
(633, 9),
(634, 4),
(634, 9),
(635, 4),
(635, 9),
(636, 4),
(636, 9),
(637, 4),
(637, 9),
(638, 4),
(638, 9),
(639, 4),
(639, 9),
(640, 4),
(640, 9),
(641, 4),
(641, 9),
(642, 4),
(642, 9),
(643, 4),
(643, 9),
(644, 4),
(644, 9),
(645, 4),
(645, 9),
(646, 4),
(646, 9),
(647, 4),
(647, 9),
(648, 4),
(648, 9),
(649, 4),
(649, 9),
(650, 4),
(650, 9),
(651, 4),
(651, 9),
(652, 4),
(652, 9),
(653, 4),
(653, 9),
(654, 4),
(654, 9),
(655, 4),
(655, 9),
(656, 4),
(656, 9),
(657, 4),
(657, 9),
(658, 4),
(658, 9),
(659, 4),
(659, 9),
(660, 4),
(660, 9),
(661, 4),
(661, 9),
(662, 4),
(662, 9),
(663, 4),
(663, 9),
(664, 4),
(664, 9),
(665, 5),
(665, 10),
(666, 5),
(666, 10),
(667, 5),
(667, 10),
(668, 5),
(668, 10),
(669, 5),
(669, 10),
(670, 5),
(670, 10),
(671, 5),
(671, 10),
(672, 5),
(672, 10),
(673, 5),
(673, 10),
(674, 5),
(674, 10),
(675, 5),
(675, 10),
(676, 5),
(676, 10),
(677, 5),
(677, 10),
(678, 5),
(678, 10),
(679, 5),
(679, 10),
(680, 5),
(680, 10),
(681, 5),
(681, 10),
(682, 5),
(682, 10),
(683, 5),
(683, 10),
(684, 5),
(684, 10),
(685, 5),
(685, 10),
(686, 5),
(686, 10),
(687, 5),
(687, 10),
(688, 5),
(688, 10),
(689, 5),
(689, 10),
(690, 5),
(690, 10),
(691, 5),
(691, 10),
(692, 1),
(692, 6),
(693, 1),
(693, 6),
(694, 1),
(694, 6),
(695, 1),
(695, 6),
(696, 1),
(696, 6),
(697, 1),
(697, 6),
(698, 1),
(698, 6),
(699, 1),
(699, 6),
(700, 1),
(700, 6),
(701, 1),
(701, 6),
(702, 1),
(702, 6),
(703, 1),
(703, 6),
(704, 1),
(704, 6),
(705, 1),
(705, 6),
(706, 1),
(706, 6),
(707, 1),
(707, 6),
(708, 1),
(708, 6),
(709, 1),
(709, 6),
(710, 1),
(710, 6),
(711, 1),
(711, 6),
(712, 1),
(712, 6),
(713, 1),
(713, 6),
(714, 1),
(714, 6),
(715, 1),
(715, 6),
(716, 1),
(716, 6),
(717, 1),
(717, 6),
(718, 1),
(718, 6),
(719, 1),
(719, 6),
(720, 1),
(720, 6),
(721, 1),
(721, 6),
(722, 1),
(722, 6),
(723, 1),
(723, 6),
(724, 1),
(724, 6),
(725, 1),
(725, 6),
(726, 1),
(726, 6),
(727, 1),
(727, 6),
(728, 1),
(728, 6),
(729, 1),
(729, 6),
(730, 1),
(730, 6),
(731, 1),
(731, 6),
(732, 1),
(732, 6),
(733, 1),
(733, 6),
(734, 2),
(734, 7),
(735, 2),
(735, 7),
(736, 2),
(736, 7),
(737, 2),
(737, 7),
(738, 2),
(738, 7),
(739, 2),
(739, 7),
(740, 2),
(740, 7),
(741, 2),
(741, 7),
(742, 2),
(742, 7),
(743, 2),
(743, 7),
(744, 2),
(744, 7),
(745, 2),
(745, 7),
(746, 2),
(746, 7),
(747, 2),
(747, 7),
(748, 2),
(748, 7),
(749, 2),
(749, 7),
(750, 2),
(750, 7),
(751, 2),
(751, 7),
(752, 2),
(752, 7),
(753, 2),
(753, 7),
(754, 2),
(754, 7),
(755, 2),
(755, 7),
(756, 2),
(756, 7),
(757, 2),
(757, 7),
(758, 2),
(758, 7),
(759, 2),
(759, 7),
(760, 2),
(760, 7),
(761, 2),
(761, 7),
(762, 2),
(762, 7),
(763, 2),
(763, 7),
(764, 2),
(764, 7),
(765, 2),
(765, 7),
(766, 2),
(766, 7),
(767, 2),
(767, 7),
(768, 2),
(768, 7),
(769, 2),
(769, 7),
(770, 2),
(770, 7),
(771, 2),
(771, 7),
(772, 2),
(772, 7),
(773, 2),
(773, 7),
(774, 2),
(774, 7),
(775, 2),
(775, 7),
(776, 2),
(776, 7),
(777, 2),
(777, 7),
(778, 2),
(778, 7),
(779, 2),
(779, 7),
(780, 2),
(780, 7),
(781, 2),
(781, 7),
(782, 2),
(782, 7),
(783, 2),
(783, 7),
(784, 2),
(784, 7),
(785, 2),
(785, 7),
(786, 2),
(786, 7),
(787, 2),
(787, 7),
(788, 2),
(788, 7),
(789, 3),
(789, 8),
(790, 3),
(790, 8),
(791, 3),
(791, 8),
(792, 3),
(792, 8),
(793, 3),
(793, 8),
(794, 3),
(794, 8),
(795, 3),
(795, 8),
(796, 3),
(796, 8),
(797, 3),
(797, 8),
(798, 3),
(798, 8),
(799, 3),
(799, 8),
(800, 3),
(800, 8),
(801, 3),
(801, 8),
(802, 3),
(802, 8),
(803, 3),
(803, 8),
(804, 3),
(804, 8),
(805, 3),
(805, 8),
(806, 3),
(806, 8),
(807, 3),
(807, 8),
(808, 3),
(808, 8),
(809, 3),
(809, 8),
(810, 3),
(810, 8),
(811, 3),
(811, 8),
(812, 3),
(812, 8),
(813, 3),
(813, 8),
(814, 3),
(814, 8),
(815, 4),
(815, 9),
(816, 4),
(816, 9),
(817, 4),
(817, 9),
(818, 4),
(818, 9),
(819, 4),
(819, 9),
(820, 4),
(820, 9),
(821, 4),
(821, 9),
(822, 4),
(822, 9),
(823, 4),
(823, 9),
(824, 4),
(824, 9),
(825, 4),
(825, 9),
(826, 4),
(826, 9),
(827, 4),
(827, 9),
(828, 4),
(828, 9),
(829, 4),
(829, 9),
(830, 4),
(830, 9),
(831, 4),
(831, 9),
(832, 4),
(832, 9),
(833, 4),
(833, 9),
(834, 4),
(834, 9),
(835, 4),
(835, 9),
(836, 4),
(836, 9),
(837, 4),
(837, 9),
(838, 4),
(838, 9),
(839, 4),
(839, 9),
(840, 4),
(840, 9),
(841, 4),
(841, 9),
(842, 4),
(842, 9),
(843, 4),
(843, 9),
(844, 4),
(844, 9),
(845, 4),
(845, 9),
(846, 4),
(846, 9),
(847, 4),
(847, 9),
(848, 4),
(848, 9),
(849, 4),
(849, 9),
(850, 4),
(850, 9),
(851, 4),
(851, 9),
(852, 4),
(852, 9),
(853, 4),
(853, 9),
(854, 4),
(854, 9),
(855, 4),
(855, 9),
(856, 4),
(856, 9),
(857, 4),
(857, 9),
(858, 4),
(858, 9),
(859, 4),
(859, 9),
(860, 4),
(860, 9),
(861, 4),
(861, 9),
(862, 4),
(862, 9),
(863, 4),
(863, 9),
(864, 4),
(864, 9),
(865, 5),
(865, 10),
(866, 5),
(866, 10),
(867, 5),
(867, 10),
(868, 5),
(868, 10),
(869, 5),
(869, 10),
(870, 5),
(870, 10),
(871, 5),
(871, 10),
(872, 5),
(872, 10),
(873, 5),
(873, 10),
(874, 5),
(874, 10),
(875, 5),
(875, 10),
(876, 5),
(876, 10),
(877, 5),
(877, 10),
(878, 5),
(878, 10),
(879, 5),
(879, 10),
(880, 5),
(880, 10),
(881, 5),
(881, 10),
(882, 5),
(882, 10),
(883, 5),
(883, 10),
(884, 5),
(884, 10),
(885, 5),
(885, 10),
(886, 5),
(886, 10),
(887, 5),
(887, 10),
(888, 5),
(888, 10),
(889, 5),
(889, 10),
(890, 5),
(890, 10),
(891, 5),
(891, 10),
(892, 5),
(892, 10),
(893, 5),
(893, 10),
(894, 5),
(894, 10),
(895, 5),
(895, 10),
(896, 5),
(896, 10),
(897, 5),
(897, 10),
(898, 5),
(898, 10),
(899, 5),
(899, 10),
(900, 5),
(900, 10),
(901, 5),
(901, 10),
(902, 5),
(902, 10),
(903, 5),
(903, 10),
(904, 5),
(904, 10),
(905, 5),
(905, 10),
(906, 5),
(906, 10),
(907, 5),
(907, 10),
(908, 5),
(908, 10),
(909, 5),
(909, 10),
(910, 5),
(910, 10),
(911, 5),
(911, 10),
(912, 5),
(912, 10),
(913, 5),
(913, 10),
(914, 5),
(914, 10),
(915, 1),
(915, 6),
(916, 1),
(916, 6),
(917, 1),
(917, 6),
(918, 1),
(918, 6),
(919, 1),
(919, 6),
(920, 1),
(920, 6),
(921, 1),
(921, 6),
(922, 1),
(922, 6),
(923, 1),
(923, 6),
(924, 1),
(924, 6),
(925, 1),
(925, 6),
(926, 1),
(926, 6),
(927, 1),
(927, 6),
(928, 1),
(928, 6),
(929, 1),
(929, 6),
(930, 1),
(930, 6),
(931, 1),
(931, 6),
(932, 1),
(932, 6),
(933, 1),
(933, 6),
(934, 1),
(934, 6),
(935, 1),
(935, 6),
(936, 1),
(936, 6),
(937, 1),
(937, 6),
(938, 1),
(938, 6),
(939, 1),
(939, 6),
(940, 1),
(940, 6),
(941, 1),
(941, 6),
(942, 1),
(942, 6),
(943, 1),
(943, 6),
(944, 1),
(944, 6),
(945, 1),
(945, 6),
(946, 1),
(946, 6),
(947, 1),
(947, 6),
(948, 1),
(948, 6),
(949, 1),
(949, 6),
(950, 1),
(950, 6),
(951, 1),
(951, 6),
(952, 1),
(952, 6),
(953, 1),
(953, 6),
(954, 1),
(954, 6),
(955, 1),
(955, 6),
(956, 1),
(956, 6),
(957, 1),
(957, 6),
(958, 2),
(958, 7),
(959, 2),
(959, 7),
(960, 2),
(960, 7),
(961, 2),
(961, 7),
(962, 2),
(962, 7),
(963, 2),
(963, 7),
(964, 2),
(964, 7),
(965, 2),
(965, 7),
(966, 2),
(966, 7),
(967, 2),
(967, 7),
(968, 2),
(968, 7),
(969, 2),
(969, 7),
(970, 2),
(970, 7),
(971, 2),
(971, 7),
(972, 2),
(972, 7),
(973, 2),
(973, 7),
(974, 2),
(974, 7),
(975, 2),
(975, 7),
(976, 2),
(976, 7),
(977, 2),
(977, 7),
(978, 2),
(978, 7),
(979, 2),
(979, 7),
(980, 2),
(980, 7),
(981, 2),
(981, 7),
(982, 2),
(982, 7),
(983, 2),
(983, 7),
(984, 2),
(984, 7),
(985, 2),
(985, 7),
(986, 2),
(986, 7),
(987, 2),
(987, 7),
(988, 2),
(988, 7),
(989, 2),
(989, 7),
(990, 3),
(990, 8),
(991, 3),
(991, 8),
(992, 3),
(992, 8),
(993, 3),
(993, 8),
(994, 3),
(994, 8),
(995, 3),
(995, 8),
(996, 3),
(996, 8),
(997, 3),
(997, 8),
(998, 3),
(998, 8),
(999, 3),
(999, 8),
(1000, 3),
(1000, 8),
(1001, 3),
(1001, 8),
(1002, 3),
(1002, 8),
(1003, 3),
(1003, 8),
(1004, 3),
(1004, 8),
(1005, 3),
(1005, 8),
(1006, 3),
(1006, 8),
(1007, 3),
(1007, 8),
(1008, 3),
(1008, 8),
(1009, 3),
(1009, 8),
(1010, 3),
(1010, 8),
(1011, 3),
(1011, 8),
(1012, 3),
(1012, 8),
(1013, 3),
(1013, 8),
(1014, 3),
(1014, 8),
(1015, 3),
(1015, 8),
(1016, 3),
(1016, 8),
(1017, 3),
(1017, 8),
(1018, 3),
(1018, 8),
(1019, 3),
(1019, 8),
(1020, 3),
(1020, 8),
(1021, 3),
(1021, 8),
(1022, 3),
(1022, 8),
(1023, 3),
(1023, 8),
(1024, 3),
(1024, 8),
(1025, 3),
(1025, 8),
(1026, 3),
(1026, 8),
(1027, 1),
(1027, 6),
(1028, 1),
(1028, 6),
(1029, 1),
(1029, 6),
(1030, 2),
(1030, 7),
(1031, 2),
(1031, 7),
(1032, 2),
(1032, 7),
(1033, 2),
(1033, 7),
(1034, 2),
(1034, 7),
(1035, 1),
(1035, 6),
(1036, 1),
(1036, 6),
(1037, 1),
(1037, 6),
(1038, 1),
(1038, 6),
(1039, 1),
(1039, 6),
(1040, 1),
(1040, 6),
(1041, 1),
(1041, 6),
(1042, 1),
(1042, 6),
(1043, 1),
(1043, 6),
(1044, 2),
(1044, 7),
(1045, 2),
(1045, 7),
(1046, 2),
(1046, 7),
(1047, 2),
(1047, 7),
(1048, 2),
(1048, 7),
(1049, 2),
(1049, 7),
(1050, 2),
(1050, 7),
(1051, 2),
(1051, 7),
(1052, 2),
(1052, 7),
(1053, 2),
(1053, 7),
(1054, 1),
(1054, 6),
(1055, 1),
(1055, 6),
(1056, 1),
(1056, 6),
(1057, 1),
(1057, 6),
(1058, 1),
(1058, 6),
(1059, 1),
(1059, 6),
(1060, 1),
(1060, 6),
(1061, 1),
(1061, 6),
(1062, 1),
(1062, 6),
(1063, 1),
(1063, 6),
(1064, 1),
(1064, 6),
(1065, 2),
(1065, 7),
(1066, 2),
(1066, 7),
(1067, 2),
(1067, 7),
(1068, 2),
(1068, 7),
(1069, 2),
(1069, 7),
(1070, 2),
(1070, 7),
(1071, 2),
(1071, 7),
(1072, 2),
(1072, 7),
(1073, 3),
(1073, 8),
(1074, 3),
(1074, 8),
(1075, 3),
(1075, 8),
(1076, 3),
(1076, 8),
(1077, 3),
(1077, 8),
(1078, 3),
(1078, 8),
(1079, 3),
(1079, 8),
(1080, 3),
(1080, 8),
(1081, 3),
(1081, 8),
(1082, 3),
(1082, 8),
(1083, 4),
(1083, 9),
(1084, 4),
(1084, 9),
(1085, 4),
(1085, 9),
(1086, 4),
(1086, 9),
(1087, 4),
(1087, 9),
(1088, 4),
(1088, 9),
(1089, 4),
(1089, 9),
(1090, 4),
(1090, 9),
(1091, 4),
(1091, 9),
(1092, 4),
(1092, 9),
(1093, 4),
(1093, 9),
(1094, 4),
(1094, 9),
(1095, 4),
(1095, 9),
(1096, 2),
(1096, 7),
(1097, 2),
(1097, 7),
(1098, 2),
(1098, 7),
(1099, 2),
(1099, 7),
(1100, 2),
(1100, 7),
(1101, 2),
(1101, 7),
(1102, 2),
(1102, 7),
(1103, 2),
(1103, 7),
(1104, 2),
(1104, 7),
(1105, 2),
(1105, 7),
(1106, 2),
(1106, 7),
(1107, 2),
(1107, 7),
(1108, 2),
(1108, 7),
(1109, 2),
(1109, 7),
(1110, 2),
(1110, 7),
(1111, 2),
(1111, 7),
(1112, 2),
(1112, 7),
(1113, 2),
(1113, 7),
(1114, 2),
(1114, 7),
(1115, 3),
(1115, 8),
(1116, 3),
(1116, 8),
(1117, 3),
(1117, 8),
(1118, 3),
(1118, 8),
(1119, 3),
(1119, 8),
(1120, 3),
(1120, 8),
(1121, 3),
(1121, 8),
(1122, 2),
(1122, 7),
(1123, 4),
(1123, 9),
(1124, 4),
(1124, 9),
(1125, 4),
(1125, 9),
(1126, 4),
(1126, 9),
(1127, 4),
(1127, 9),
(1128, 4),
(1128, 9),
(1129, 4),
(1129, 9),
(1130, 4),
(1130, 9),
(1131, 4),
(1131, 9),
(1132, 4),
(1132, 9),
(1133, 4),
(1133, 9),
(1134, 4),
(1134, 9),
(1135, 4),
(1135, 9),
(1136, 4),
(1136, 9),
(1137, 4),
(1137, 9),
(1138, 4),
(1138, 9),
(1139, 4),
(1139, 9),
(1140, 4),
(1140, 9),
(1141, 4),
(1141, 9),
(1142, 4),
(1142, 9),
(1143, 4),
(1143, 9),
(1144, 4),
(1144, 9),
(1145, 4),
(1145, 9),
(1146, 4),
(1146, 9),
(1147, 4),
(1147, 9),
(1148, 4),
(1148, 9),
(1149, 4),
(1149, 9),
(1150, 4),
(1150, 9),
(1151, 4),
(1151, 9),
(1152, 5),
(1152, 10),
(1153, 5),
(1153, 10),
(1154, 5),
(1154, 10),
(1155, 5),
(1155, 10),
(1156, 5),
(1156, 10),
(1157, 5),
(1157, 10),
(1158, 5),
(1158, 10),
(1159, 5),
(1159, 10),
(1160, 5),
(1160, 10),
(1161, 5),
(1161, 10),
(1162, 5),
(1162, 10),
(1163, 5),
(1163, 10),
(1164, 5),
(1164, 10),
(1165, 5),
(1165, 10),
(1166, 5),
(1166, 10),
(1167, 5),
(1167, 10),
(1168, 5),
(1168, 10),
(1169, 5),
(1169, 10),
(1170, 5),
(1170, 10),
(1171, 5),
(1171, 10),
(1172, 5),
(1172, 10),
(1173, 5),
(1173, 10),
(1174, 5),
(1174, 10),
(1175, 5),
(1175, 10),
(1176, 5),
(1176, 10),
(1177, 5),
(1177, 10),
(1178, 5),
(1178, 10),
(1179, 5),
(1179, 10),
(1180, 5),
(1180, 10),
(1181, 5),
(1181, 10),
(1182, 5),
(1182, 10),
(1183, 5),
(1183, 10),
(1184, 5),
(1184, 10),
(1185, 5),
(1185, 10),
(1186, 5),
(1186, 10),
(1187, 5),
(1187, 10),
(1188, 5),
(1188, 10),
(1189, 5),
(1189, 10),
(1190, 5),
(1190, 10),
(1191, 5),
(1191, 10),
(1192, 5),
(1192, 10),
(1193, 5),
(1193, 10),
(1194, 5),
(1194, 10),
(1195, 5),
(1195, 10),
(1196, 5),
(1196, 10),
(1197, 1),
(1197, 6),
(1198, 3),
(1198, 8),
(1199, 3),
(1199, 8),
(1200, 3),
(1200, 8),
(1201, 3),
(1201, 8),
(1202, 3),
(1202, 8),
(1203, 3),
(1203, 8),
(1204, 3),
(1204, 8),
(1205, 3),
(1205, 8),
(1206, 3),
(1206, 8),
(1207, 3),
(1207, 8),
(1208, 3),
(1208, 8),
(1209, 3),
(1209, 8),
(1210, 3),
(1210, 8),
(1211, 3),
(1211, 8),
(1212, 3),
(1212, 8),
(1213, 3),
(1213, 8),
(1214, 3),
(1214, 8),
(1215, 3),
(1215, 8),
(1216, 3),
(1216, 8),
(1217, 3),
(1217, 8),
(1218, 4),
(1218, 9),
(1219, 4),
(1219, 9),
(1220, 4),
(1220, 9),
(1221, 4),
(1221, 9),
(1222, 4),
(1222, 9),
(1223, 4),
(1223, 9),
(1224, 4),
(1224, 9),
(1225, 4),
(1225, 9),
(1226, 4),
(1226, 9),
(1227, 4),
(1227, 9),
(1228, 4),
(1228, 9),
(1229, 4),
(1229, 9),
(1230, 4),
(1230, 9),
(1231, 4),
(1231, 9),
(1232, 4),
(1232, 9),
(1233, 4),
(1233, 9),
(1234, 4),
(1234, 9),
(1235, 4),
(1235, 9),
(1236, 4),
(1236, 9),
(1237, 4),
(1237, 9),
(1238, 4),
(1238, 9),
(1239, 4),
(1239, 9),
(1240, 4),
(1240, 9),
(1241, 4),
(1241, 9),
(1242, 5),
(1242, 10),
(1243, 5),
(1243, 10),
(1244, 5),
(1244, 10),
(1245, 5),
(1245, 10),
(1246, 5),
(1246, 10),
(1247, 5),
(1247, 10),
(1248, 5),
(1248, 10),
(1249, 5),
(1249, 10),
(1250, 5),
(1250, 10),
(1251, 5),
(1251, 10),
(1252, 5),
(1252, 10),
(1253, 5),
(1253, 10),
(1254, 5),
(1254, 10),
(1255, 5),
(1255, 10),
(1256, 5),
(1256, 10),
(1257, 5),
(1257, 10),
(1258, 5),
(1258, 10),
(1259, 5),
(1259, 10),
(1260, 5),
(1260, 10),
(1261, 5),
(1261, 10),
(1262, 5),
(1262, 10);

-- --------------------------------------------------------

--
-- Estrutura para tabela `Autentic`
--

CREATE TABLE `Autentic` (
  `id` int(11) NOT NULL,
  `email` varchar(50) NOT NULL,
  `senha` varchar(255) NOT NULL,
  `paginaRestrita` varchar(255) DEFAULT NULL
) ENGINE=InnoDB DEFAULT CHARSET=utf8mb4 COLLATE=utf8mb4_general_ci;

--
-- Despejando dados para a tabela `Autentic`
--



-- --------------------------------------------------------

--
-- Estrutura para tabela `Classe`
--

CREATE TABLE `Classe` (
  `idClasse` int(11) NOT NULL,
  `nomeClasse` varchar(100) NOT NULL,
  `idEscola` int(11) NOT NULL
) ENGINE=InnoDB DEFAULT CHARSET=utf8mb4 COLLATE=utf8mb4_general_ci;

--
-- Despejando dados para a tabela `Classe`
--

INSERT INTO `Classe` (`idClasse`, `nomeClasse`, `idEscola`) VALUES
(1, '1A-ELV', 1),
(2, '1B-ELV', 1),
(3, '1C-ELV', 1),
(4, '2A-ELV', 1),
(5, '2B-ELV', 1),
(6, '2C-ELV', 1),
(7, '3A-ELV', 1),
(8, '3B-ELV', 1),
(9, '3C-ELV', 1),
(10, '4A-ELV', 1),
(11, '4B-ELV', 1),
(12, '4C-ELV', 1),
(13, '5A-ELV', 1),
(14, '5B-ELV', 1),
(15, '5C-ELV', 1),
(16, '1A-CAM', 2),
(17, '1B-CAM', 2),
(18, '1C-CAM', 2),
(19, '2A-CAM', 2),
(20, '2B-CAM', 2),
(21, '2C-CAM', 2),
(22, '3A-CAM', 2),
(23, '3B-CAM', 2),
(24, '3C-CAM', 2),
(25, '4A-CAM', 2),
(26, '4B-CAM', 2),
(27, '4C-CAM', 2),
(28, '5A-CAM', 2),
(29, '5B-CAM', 2),
(30, '5C-CAM', 2),
(31, '1A-MAN', 3),
(32, '1B-MAN', 3),
(33, '1C-MAN', 3),
(34, '2A-MAN', 3),
(35, '2B-MAN', 3),
(36, '2C-MAN', 3),
(37, '3A-MAN', 3),
(38, '3B-MAN', 3),
(39, '3C-MAN', 3),
(40, '4A-MAN', 3),
(41, '4B-MAN', 3),
(42, '4C-MAN', 3),
(43, '5A-MAN', 3),
(44, '5B-MAN', 3),
(45, '5C-MAN', 3),
(46, '1A-VAR', 4),
(47, '1B-VAR', 4),
(48, '1C-VAR', 4),
(49, '2A-VAR', 4),
(50, '2B-VAR', 4),
(51, '2C-VAR', 4),
(52, '3A-VAR', 4),
(53, '3B-VAR', 4),
(54, '3C-VAR', 4),
(55, '4A-VAR', 4),
(56, '4B-VAR', 4),
(57, '4C-VAR', 4),
(58, '5A-VAR', 4),
(59, '5B-VAR', 4),
(60, '5C-VAR', 4),
(61, '1A-MIL', 5),
(62, '1B-MIL', 5),
(63, '1C-MIL', 5),
(64, '2A-MIL', 5),
(65, '2B-MIL', 5),
(66, '2C-MIL', 5),
(67, '3A-MIL', 5),
(68, '3B-MIL', 5),
(69, '3C-MIL', 5),
(70, '4A-MIL', 5),
(71, '4B-MIL', 5),
(72, '4C-MIL', 5),
(73, '5A-MIL', 5),
(74, '5B-MIL', 5),
(75, '5C-MIL', 5),
(76, '1A-MOA', 6),
(77, '1B-MOA', 6),
(78, '1C-MOA', 6),
(79, '2A-MOA', 6),
(80, '2B-MOA', 6),
(81, '2C-MOA', 6),
(82, '3A-MOA', 6),
(83, '3B-MOA', 6),
(84, '3C-MOA', 6),
(85, '4A-MOA', 6),
(86, '4B-MOA', 6),
(87, '4C-MOA', 6),
(88, '5A-MOA', 6),
(89, '5B-MOA', 6),
(90, '5C-MOA', 6),
(91, '1A-SID', 7),
(92, '1B-SID', 7),
(93, '1C-SID', 7),
(94, '2A-SID', 7),
(95, '2B-SID', 7),
(96, '2C-SID', 7),
(97, '3A-SID', 7),
(98, '3B-SID', 7),
(99, '3C-SID', 7),
(100, '4A-SID', 7),
(101, '4B-SID', 7),
(102, '4C-SID', 7),
(103, '5A-SID', 7),
(104, '5B-SID', 7),
(105, '5C-SID', 7),
(106, 'CLASS-MULT', 1);

-- --------------------------------------------------------

--
-- Estrutura para tabela `Disciplina`
--

CREATE TABLE `Disciplina` (
  `idDisciplina` int(11) NOT NULL,
  `nomeDisciplina` varchar(100) NOT NULL
) ENGINE=InnoDB DEFAULT CHARSET=utf8mb4 COLLATE=utf8mb4_general_ci;

--
-- Despejando dados para a tabela `Disciplina`
--

INSERT INTO `Disciplina` (`idDisciplina`, `nomeDisciplina`) VALUES
(1, 'Língua Portuguesa-1'),
(2, 'Língua Portuguesa-2'),
(3, 'Língua Portuguesa-3'),
(4, 'Língua Portuguesa-4'),
(5, 'Língua Portuguesa-5'),
(6, 'Matemática-1'),
(7, 'Matemática-2'),
(8, 'Matemática-3'),
(9, 'Matemática-4'),
(10, 'Matemática-5');

-- --------------------------------------------------------

--
-- Estrutura para tabela `Escola`
--

CREATE TABLE `Escola` (
  `idEscola` int(11) NOT NULL,
  `nomeEscola` varchar(100) NOT NULL
) ENGINE=InnoDB DEFAULT CHARSET=utf8mb4 COLLATE=utf8mb4_general_ci;

--
-- Despejando dados para a tabela `Escola`
--

INSERT INTO `Escola` (`idEscola`, `nomeEscola`) VALUES
(4, 'EMEF Presidente Vargas'),
(2, 'EMEIF Camilo Gomes'),
(1, 'EMEIF Elvira Fernandes Lourenço'),
(3, 'EMEIF Manuel José Martins'),
(5, 'EMEIF Prof Milcio Bazoli'),
(6, 'EMEIF Prof Moacyr Pinto Santiago'),
(7, 'EMEIF Prof Sidney C. M. Egydio');

-- --------------------------------------------------------

--
-- Estrutura para tabela `Gabarito`
--

CREATE TABLE `Gabarito` (
  `idGabarito` int(11) NOT NULL,
  `idDisciplina` int(11) NOT NULL,
  `gabarito1` char(1) DEFAULT NULL,
  `gabarito2` char(1) DEFAULT NULL,
  `gabarito3` char(1) DEFAULT NULL,
  `gabarito4` char(1) DEFAULT NULL,
  `gabarito5` char(1) DEFAULT NULL,
  `gabarito6` char(1) DEFAULT NULL,
  `gabarito7` char(1) DEFAULT NULL,
  `gabarito8` char(1) DEFAULT NULL,
  `gabarito9` char(1) DEFAULT NULL,
  `gabarito10` char(1) DEFAULT NULL,
  `gabarito11` char(1) DEFAULT NULL,
  `gabarito12` char(1) DEFAULT NULL,
  `gabarito13` char(1) DEFAULT NULL,
  `gabarito14` char(1) DEFAULT NULL,
  `gabarito15` char(1) DEFAULT NULL,
  `gabarito16` char(1) DEFAULT NULL,
  `gabarito17` char(1) DEFAULT NULL,
  `gabarito18` char(1) DEFAULT NULL,
  `gabarito19` char(1) DEFAULT NULL,
  `gabarito20` char(1) DEFAULT NULL
) ENGINE=InnoDB DEFAULT CHARSET=utf8mb4 COLLATE=utf8mb4_general_ci;

--
-- Despejando dados para a tabela `Gabarito`
--

INSERT INTO `Gabarito` (`idGabarito`, `idDisciplina`, `gabarito1`, `gabarito2`, `gabarito3`, `gabarito4`, `gabarito5`, `gabarito6`, `gabarito7`, `gabarito8`, `gabarito9`, `gabarito10`, `gabarito11`, `gabarito12`, `gabarito13`, `gabarito14`, `gabarito15`, `gabarito16`, `gabarito17`, `gabarito18`, `gabarito19`, `gabarito20`) VALUES
(1, 1, 'A', 'D', 'A', 'B', 'D', 'A', 'A', 'B', 'A', 'C', 'B', 'C', 'C', 'B', 'C', 'D', 'X', 'X', 'X', 'X'),
(2, 2, 'A', 'D', 'C', 'B', 'D', 'C', 'B', 'C', 'A', 'D', 'A', 'C', 'D', 'A', 'D', 'X', 'X', 'X', 'X', 'X'),
(3, 3, 'A', 'B', 'D', 'C', 'D', 'A', 'B', 'C', 'C', 'B', 'D', 'C', 'B', 'C', 'X', 'X', 'X', 'X', 'X', 'X'),
(4, 4, 'A', 'D', 'B', 'A', 'C', 'D', 'C', 'C', 'B', 'C', 'D', 'D', 'B', 'A', 'B', 'X', 'X', 'X', 'X', 'X'),
(5, 5, 'B', 'D', 'C', 'D', 'B', 'A', 'C', 'B', 'D', 'A', 'D', 'B', 'A', 'D', 'C', 'D', 'X', 'X', 'X', 'X'),
(6, 6, 'A', 'C', 'B', 'C', 'D', 'A', 'B', 'C', 'A', 'B', 'D', 'B', 'C', 'X', 'X', 'X', 'X', 'X', 'X', 'X'),
(7, 7, 'C', 'A', 'D', 'C', 'A', 'B', 'A', 'D', 'A', 'D', 'B', 'A', 'B', 'D', 'X', 'X', 'X', 'X', 'X', 'X'),
(8, 8, 'D', 'B', 'C', 'D', 'A', 'B', 'C', 'A', 'C', 'A', 'D', 'B', 'A', 'C', 'B', 'X', 'X', 'X', 'X', 'X'),
(9, 9, 'C', 'A', 'B', 'C', 'B', 'D', 'C', 'B', 'A', 'D', 'B', 'A', 'C', 'B', 'A', 'D', 'B', 'X', 'X', 'X'),
(10, 10, 'C', 'A', 'B', 'C', 'B', 'C', 'A', 'B', 'A', 'D', 'C', 'D', 'B', 'D', 'A', 'B', 'C', 'X', 'X', 'X');

-- --------------------------------------------------------

--
-- Estrutura para tabela `Questoes_lp`
--

CREATE TABLE `Questoes_lp` (
  `idQuestao` int(11) NOT NULL,
  `idAluno` int(11) NOT NULL,
  `idDisciplina` int(11) NOT NULL,
  `idEscola` int(11) NOT NULL,
  `resposta1` char(1) DEFAULT NULL,
  `resposta2` char(1) DEFAULT NULL,
  `resposta3` char(1) DEFAULT NULL,
  `resposta4` char(1) DEFAULT NULL,
  `resposta5` char(1) DEFAULT NULL,
  `resposta6` char(1) DEFAULT NULL,
  `resposta7` char(1) DEFAULT NULL,
  `resposta8` char(1) DEFAULT NULL,
  `resposta9` char(1) DEFAULT NULL,
  `resposta10` char(1) DEFAULT NULL,
  `resposta11` char(1) DEFAULT NULL,
  `resposta12` char(1) DEFAULT NULL,
  `resposta13` char(1) DEFAULT NULL,
  `resposta14` char(1) DEFAULT NULL,
  `resposta15` char(1) DEFAULT NULL,
  `resposta16` char(1) DEFAULT NULL,
  `resposta17` char(1) DEFAULT NULL,
  `resposta18` char(1) DEFAULT NULL,
  `resposta19` char(1) DEFAULT NULL,
  `resposta20` char(1) DEFAULT NULL
) ENGINE=InnoDB DEFAULT CHARSET=utf8mb4 COLLATE=utf8mb4_general_ci;

--
-- Despejando dados para a tabela `Questoes_lp`
--



-- --------------------------------------------------------

--
-- Estrutura para tabela `Questoes_mat`
--

CREATE TABLE `Questoes_mat` (
  `idQuestao` int(11) NOT NULL,
  `idAluno` int(11) NOT NULL,
  `idDisciplina` int(11) NOT NULL,
  `idEscola` int(11) NOT NULL,
  `resposta1` char(1) DEFAULT NULL,
  `resposta2` char(1) DEFAULT NULL,
  `resposta3` char(1) DEFAULT NULL,
  `resposta4` char(1) DEFAULT NULL,
  `resposta5` char(1) DEFAULT NULL,
  `resposta6` char(1) DEFAULT NULL,
  `resposta7` char(1) DEFAULT NULL,
  `resposta8` char(1) DEFAULT NULL,
  `resposta9` char(1) DEFAULT NULL,
  `resposta10` char(1) DEFAULT NULL,
  `resposta11` char(1) DEFAULT NULL,
  `resposta12` char(1) DEFAULT NULL,
  `resposta13` char(1) DEFAULT NULL,
  `resposta14` char(1) DEFAULT NULL,
  `resposta15` char(1) DEFAULT NULL,
  `resposta16` char(1) DEFAULT NULL,
  `resposta17` char(1) DEFAULT NULL,
  `resposta18` char(1) DEFAULT NULL,
  `resposta19` char(1) DEFAULT NULL,
  `resposta20` char(1) DEFAULT NULL
) ENGINE=InnoDB DEFAULT CHARSET=utf8mb4 COLLATE=utf8mb4_general_ci;

--
-- Despejando dados para a tabela `Questoes_mat`
--





-- --------------------------------------------------------

--
-- Estrutura para tabela `Resultado_lp`
--

CREATE TABLE `Resultado_lp` (
  `idResultado` int(11) NOT NULL,
  `idAluno` int(11) NOT NULL,
  `idDisciplina` int(11) NOT NULL,
  `idClasse` int(11) NOT NULL,
  `idEscola` int(11) NOT NULL,
  `acertos` int(11) NOT NULL,
  `erros` int(11) NOT NULL,
  `pontuacaoAluno` int(11) NOT NULL,
  `classificacao` varchar(25) NOT NULL
) ENGINE=InnoDB DEFAULT CHARSET=utf8mb4 COLLATE=utf8mb4_general_ci;

--
-- Despejando dados para a tabela `Resultado_lp`
--

INSERT INTO `Resultado_lp` (`idResultado`, `idAluno`, `idDisciplina`, `idClasse`, `idEscola`, `acertos`, `erros`, `pontuacaoAluno`, `classificacao`) VALUES
(1, 209, 1, 46, 4, 12, 4, 75, 'Satisfatório'),
(2, 54, 1, 1, 1, 13, 3, 81, 'Satisfatório'),
(3, 55, 1, 1, 1, 14, 2, 87, 'Satisfatório'),
(4, 56, 1, 1, 1, 6, 10, 37, 'Insatisfatório'),
(5, 58, 1, 1, 1, 11, 5, 68, 'Regular'),
(6, 59, 1, 1, 1, 13, 3, 81, 'Satisfatório'),
(7, 60, 1, 1, 1, 15, 1, 93, 'Plenamente Satisfatório'),
(8, 61, 1, 1, 1, 5, 11, 31, 'Insatisfatório'),
(9, 62, 1, 1, 1, 11, 5, 68, 'Regular'),
(10, 63, 1, 1, 1, 14, 2, 87, 'Satisfatório'),
(11, 256, 1, 48, 4, 12, 4, 75, 'Satisfatório'),
(12, 257, 1, 48, 4, 2, 14, 12, 'Insatisfatório'),
(13, 258, 1, 48, 4, 10, 6, 62, 'Regular'),
(14, 57, 1, 1, 1, 13, 3, 81, 'Satisfatório'),
(15, 1027, 1, 1, 1, 10, 6, 62, 'Regular'),
(16, 1029, 1, 7, 1, 4, 12, 25, 'Insatisfatório'),
(17, 1028, 1, 1, 1, 6, 10, 37, 'Insatisfatório'),
(18, 116, 1, 31, 3, 12, 4, 75, 'Satisfatório'),
(19, 117, 1, 31, 3, 12, 4, 75, 'Satisfatório'),
(20, 118, 1, 31, 3, 6, 10, 37, 'Insatisfatório'),
(21, 119, 1, 31, 3, 3, 13, 18, 'Insatisfatório'),
(22, 120, 1, 31, 3, 4, 12, 25, 'Insatisfatório'),
(23, 121, 1, 31, 3, 6, 10, 37, 'Insatisfatório'),
(24, 122, 1, 31, 3, 6, 10, 37, 'Insatisfatório'),
(25, 123, 1, 31, 3, 14, 2, 87, 'Satisfatório'),
(26, 124, 1, 31, 3, 12, 4, 75, 'Satisfatório'),
(27, 125, 1, 31, 3, 9, 7, 56, 'Regular'),
(28, 126, 1, 31, 3, 11, 5, 68, 'Regular'),
(29, 127, 1, 31, 3, 13, 3, 81, 'Satisfatório'),
(30, 128, 1, 31, 3, 15, 1, 93, 'Plenamente Satisfatório'),
(31, 129, 1, 31, 3, 10, 6, 62, 'Regular'),
(32, 130, 1, 31, 3, 6, 10, 37, 'Insatisfatório'),
(33, 131, 1, 31, 3, 4, 12, 25, 'Insatisfatório'),
(34, 535, 1, 61, 5, 6, 10, 37, 'Insatisfatório'),
(35, 561, 1, 62, 5, 11, 5, 68, 'Regular'),
(36, 537, 1, 61, 5, 10, 6, 62, 'Regular'),
(37, 547, 1, 62, 5, 8, 8, 50, 'Regular'),
(38, 538, 1, 61, 5, 10, 6, 62, 'Regular'),
(39, 539, 1, 61, 5, 13, 3, 81, 'Satisfatório'),
(40, 562, 1, 62, 5, 10, 6, 62, 'Regular'),
(41, 540, 1, 61, 5, 11, 5, 68, 'Regular'),
(42, 542, 1, 61, 5, 9, 7, 56, 'Regular'),
(43, 560, 1, 62, 5, 11, 5, 68, 'Regular'),
(44, 543, 1, 61, 5, 11, 5, 68, 'Regular'),
(45, 559, 1, 62, 5, 15, 1, 93, 'Plenamente Satisfatório'),
(46, 544, 1, 61, 5, 6, 10, 37, 'Insatisfatório'),
(47, 533, 1, 61, 5, 13, 3, 81, 'Satisfatório'),
(48, 558, 1, 62, 5, 15, 1, 93, 'Plenamente Satisfatório'),
(49, 532, 1, 61, 5, 12, 4, 75, 'Satisfatório'),
(50, 531, 1, 61, 5, 13, 3, 81, 'Satisfatório'),
(51, 557, 1, 62, 5, 11, 5, 68, 'Regular'),
(52, 530, 1, 61, 5, 6, 10, 37, 'Insatisfatório'),
(53, 556, 1, 62, 5, 14, 2, 87, 'Satisfatório'),
(54, 554, 1, 62, 5, 5, 11, 31, 'Insatisfatório'),
(55, 529, 1, 61, 5, 13, 3, 81, 'Satisfatório'),
(56, 552, 1, 62, 5, 5, 11, 31, 'Insatisfatório'),
(57, 528, 1, 61, 5, 8, 8, 50, 'Regular'),
(58, 551, 1, 62, 5, 9, 7, 56, 'Regular'),
(59, 550, 1, 62, 5, 4, 12, 25, 'Insatisfatório'),
(60, 527, 1, 61, 5, 3, 13, 18, 'Insatisfatório'),
(61, 536, 1, 61, 5, 13, 3, 81, 'Satisfatório'),
(62, 549, 1, 62, 5, 4, 12, 25, 'Insatisfatório'),
(63, 541, 1, 61, 5, 0, 16, 0, 'Insatisfatório'),
(64, 534, 1, 61, 5, 0, 16, 0, 'Insatisfatório'),
(65, 548, 1, 62, 5, 12, 4, 75, 'Satisfatório'),
(66, 546, 1, 62, 5, 12, 4, 75, 'Satisfatório'),
(67, 545, 1, 62, 5, 13, 3, 81, 'Satisfatório'),
(68, 553, 1, 62, 5, 0, 16, 0, 'Insatisfatório'),
(69, 215, 1, 46, 4, 15, 1, 93, 'Plenamente Satisfatório'),
(70, 229, 1, 46, 4, 13, 3, 81, 'Satisfatório'),
(71, 214, 1, 46, 4, 12, 4, 75, 'Satisfatório'),
(72, 216, 1, 46, 4, 10, 6, 62, 'Regular'),
(73, 222, 1, 46, 4, 5, 11, 31, 'Insatisfatório'),
(74, 230, 1, 46, 4, 9, 7, 56, 'Regular'),
(75, 213, 1, 46, 4, 3, 13, 18, 'Insatisfatório'),
(76, 211, 1, 46, 4, 14, 2, 87, 'Satisfatório'),
(77, 221, 1, 46, 4, 9, 7, 56, 'Regular'),
(78, 227, 1, 46, 4, 13, 3, 81, 'Satisfatório'),
(79, 212, 1, 46, 4, 11, 5, 68, 'Regular'),
(80, 225, 1, 46, 4, 12, 4, 75, 'Satisfatório'),
(81, 231, 1, 46, 4, 11, 5, 68, 'Regular'),
(82, 218, 1, 46, 4, 10, 6, 62, 'Regular'),
(83, 217, 1, 46, 4, 11, 5, 68, 'Regular'),
(84, 219, 1, 46, 4, 10, 6, 62, 'Regular'),
(85, 226, 1, 46, 4, 8, 8, 50, 'Regular'),
(86, 210, 1, 46, 4, 10, 6, 62, 'Regular'),
(87, 220, 1, 46, 4, 6, 10, 37, 'Insatisfatório'),
(88, 715, 1, 77, 6, 8, 8, 50, 'Regular'),
(89, 228, 1, 46, 4, 10, 6, 62, 'Regular'),
(90, 718, 1, 77, 6, 9, 7, 56, 'Regular'),
(91, 223, 1, 46, 4, 9, 7, 56, 'Regular'),
(92, 719, 1, 77, 6, 9, 7, 56, 'Regular'),
(93, 232, 1, 46, 4, 5, 11, 31, 'Insatisfatório'),
(94, 716, 1, 77, 6, 11, 5, 68, 'Regular'),
(95, 732, 1, 77, 6, 14, 2, 87, 'Satisfatório'),
(96, 224, 1, 46, 4, 3, 13, 18, 'Insatisfatório'),
(97, 720, 1, 77, 6, 13, 3, 81, 'Satisfatório'),
(98, 721, 1, 77, 6, 7, 9, 43, 'Insatisfatório'),
(99, 722, 1, 77, 6, 7, 9, 43, 'Insatisfatório'),
(100, 729, 1, 77, 6, 3, 13, 18, 'Insatisfatório'),
(101, 723, 1, 77, 6, 6, 10, 37, 'Insatisfatório'),
(102, 725, 1, 77, 6, 9, 7, 56, 'Regular'),
(103, 726, 1, 77, 6, 7, 9, 43, 'Insatisfatório'),
(104, 727, 1, 77, 6, 5, 11, 31, 'Insatisfatório'),
(105, 730, 1, 77, 6, 7, 9, 43, 'Insatisfatório'),
(106, 731, 1, 77, 6, 5, 11, 31, 'Insatisfatório'),
(107, 733, 1, 77, 6, 5, 11, 31, 'Insatisfatório'),
(108, 253, 1, 47, 4, 10, 6, 62, 'Regular'),
(109, 246, 1, 47, 4, 11, 5, 68, 'Regular'),
(110, 252, 1, 47, 4, 11, 5, 68, 'Regular'),
(111, 233, 1, 47, 4, 9, 7, 56, 'Regular'),
(112, 248, 1, 47, 4, 8, 8, 50, 'Regular'),
(113, 245, 1, 47, 4, 5, 11, 31, 'Insatisfatório'),
(114, 244, 1, 47, 4, 8, 8, 50, 'Regular'),
(115, 239, 1, 47, 4, 13, 3, 81, 'Satisfatório'),
(116, 234, 1, 47, 4, 10, 6, 62, 'Regular'),
(117, 254, 1, 47, 4, 10, 6, 62, 'Regular'),
(118, 247, 1, 47, 4, 7, 9, 43, 'Insatisfatório'),
(119, 251, 1, 47, 4, 12, 4, 75, 'Satisfatório'),
(120, 238, 1, 47, 4, 7, 9, 43, 'Insatisfatório'),
(121, 250, 1, 47, 4, 8, 8, 50, 'Regular'),
(122, 236, 1, 47, 4, 13, 3, 81, 'Satisfatório'),
(123, 255, 1, 47, 4, 10, 6, 62, 'Regular'),
(124, 240, 1, 47, 4, 13, 3, 81, 'Satisfatório'),
(125, 249, 1, 47, 4, 10, 6, 62, 'Regular'),
(126, 235, 1, 47, 4, 11, 5, 68, 'Regular'),
(127, 242, 1, 47, 4, 14, 2, 87, 'Satisfatório'),
(128, 237, 1, 47, 4, 4, 12, 25, 'Insatisfatório'),
(129, 243, 1, 47, 4, 10, 6, 62, 'Regular'),
(130, 241, 1, 47, 4, 10, 6, 62, 'Regular'),
(131, 260, 1, 48, 4, 9, 7, 56, 'Regular'),
(132, 259, 1, 48, 4, 11, 5, 68, 'Regular'),
(133, 261, 1, 48, 4, 9, 7, 56, 'Regular'),
(134, 262, 1, 48, 4, 7, 9, 43, 'Insatisfatório'),
(135, 263, 1, 48, 4, 8, 8, 50, 'Regular'),
(136, 264, 1, 48, 4, 10, 6, 62, 'Regular'),
(137, 265, 1, 48, 4, 8, 8, 50, 'Regular'),
(138, 266, 1, 48, 4, 15, 1, 93, 'Plenamente Satisfatório'),
(139, 267, 1, 48, 4, 11, 5, 68, 'Regular'),
(140, 268, 1, 48, 4, 14, 2, 87, 'Satisfatório'),
(141, 269, 1, 48, 4, 13, 3, 81, 'Satisfatório'),
(142, 270, 1, 48, 4, 7, 9, 43, 'Insatisfatório'),
(143, 271, 1, 48, 4, 3, 13, 18, 'Insatisfatório'),
(144, 272, 1, 48, 4, 9, 7, 56, 'Regular'),
(145, 273, 1, 48, 4, 10, 6, 62, 'Regular'),
(146, 274, 1, 48, 4, 7, 9, 43, 'Insatisfatório'),
(147, 275, 1, 48, 4, 6, 10, 37, 'Insatisfatório'),
(148, 276, 1, 48, 4, 9, 7, 56, 'Regular'),
(149, 277, 1, 48, 4, 6, 10, 37, 'Insatisfatório'),
(150, 278, 1, 48, 4, 5, 11, 31, 'Insatisfatório'),
(151, 706, 1, 76, 6, 4, 12, 25, 'Insatisfatório'),
(152, 701, 1, 76, 6, 5, 11, 31, 'Insatisfatório'),
(153, 696, 1, 76, 6, 10, 6, 62, 'Regular'),
(154, 709, 1, 76, 6, 9, 7, 56, 'Regular'),
(155, 702, 1, 76, 6, 11, 5, 68, 'Regular'),
(156, 695, 1, 76, 6, 8, 8, 50, 'Regular'),
(157, 697, 1, 76, 6, 7, 9, 43, 'Insatisfatório'),
(158, 711, 1, 76, 6, 7, 9, 43, 'Insatisfatório'),
(159, 705, 1, 76, 6, 5, 11, 31, 'Insatisfatório'),
(160, 714, 1, 76, 6, 5, 11, 31, 'Insatisfatório'),
(161, 707, 1, 76, 6, 10, 6, 62, 'Regular'),
(162, 692, 1, 76, 6, 6, 10, 37, 'Insatisfatório'),
(163, 713, 1, 76, 6, 4, 12, 25, 'Insatisfatório'),
(164, 712, 1, 76, 6, 7, 9, 43, 'Insatisfatório'),
(165, 703, 1, 76, 6, 13, 3, 81, 'Satisfatório'),
(166, 698, 1, 76, 6, 10, 6, 62, 'Regular'),
(167, 710, 1, 76, 6, 5, 11, 31, 'Insatisfatório'),
(168, 699, 1, 76, 6, 10, 6, 62, 'Regular'),
(169, 708, 1, 76, 6, 5, 11, 31, 'Insatisfatório'),
(170, 693, 1, 76, 6, 12, 4, 75, 'Satisfatório'),
(171, 694, 1, 76, 6, 4, 12, 25, 'Insatisfatório'),
(172, 700, 1, 76, 6, 3, 13, 18, 'Insatisfatório'),
(173, 704, 1, 76, 6, 5, 11, 31, 'Insatisfatório'),
(174, 64, 2, 4, 1, 15, 1, 93, 'Plenamente Satisfatório'),
(175, 65, 2, 4, 1, 14, 2, 87, 'Satisfatório'),
(176, 66, 2, 4, 1, 16, 0, 100, 'Plenamente Satisfatório'),
(177, 67, 2, 4, 1, 14, 2, 87, 'Satisfatório'),
(178, 68, 2, 4, 1, 14, 2, 87, 'Satisfatório'),
(179, 69, 2, 4, 1, 14, 2, 87, 'Satisfatório'),
(180, 70, 2, 4, 1, 11, 5, 68, 'Regular'),
(181, 71, 2, 4, 1, 15, 1, 93, 'Plenamente Satisfatório'),
(182, 988, 2, 95, 7, 5, 11, 31, 'Insatisfatório'),
(183, 974, 2, 95, 7, 13, 3, 81, 'Satisfatório'),
(184, 37, 2, 19, 2, 16, 0, 100, 'Plenamente Satisfatório'),
(185, 975, 2, 95, 7, 15, 1, 93, 'Plenamente Satisfatório'),
(186, 53, 2, 19, 2, 16, 0, 100, 'Plenamente Satisfatório'),
(187, 958, 2, 94, 7, 16, 0, 100, 'Plenamente Satisfatório'),
(188, 976, 2, 95, 7, 3, 13, 18, 'Insatisfatório'),
(189, 977, 2, 95, 7, 12, 4, 75, 'Satisfatório'),
(190, 959, 2, 94, 7, 13, 3, 81, 'Satisfatório'),
(191, 38, 2, 19, 2, 16, 0, 100, 'Plenamente Satisfatório'),
(192, 978, 2, 95, 7, 11, 5, 68, 'Regular'),
(193, 39, 2, 19, 2, 13, 3, 81, 'Satisfatório'),
(194, 960, 2, 94, 7, 16, 0, 100, 'Plenamente Satisfatório'),
(195, 979, 2, 95, 7, 11, 5, 68, 'Regular'),
(196, 40, 2, 19, 2, 16, 0, 100, 'Plenamente Satisfatório'),
(197, 961, 2, 94, 7, 16, 0, 100, 'Plenamente Satisfatório'),
(198, 41, 2, 19, 2, 11, 5, 68, 'Regular'),
(199, 43, 2, 19, 2, 8, 8, 50, 'Regular'),
(200, 962, 2, 94, 7, 16, 0, 100, 'Plenamente Satisfatório'),
(201, 980, 2, 95, 7, 12, 4, 75, 'Satisfatório'),
(202, 963, 2, 94, 7, 15, 1, 93, 'Plenamente Satisfatório'),
(203, 44, 2, 19, 2, 14, 2, 87, 'Satisfatório'),
(204, 964, 2, 94, 7, 13, 3, 81, 'Satisfatório'),
(205, 981, 2, 95, 7, 12, 4, 75, 'Satisfatório'),
(206, 45, 2, 19, 2, 15, 1, 93, 'Plenamente Satisfatório'),
(207, 982, 2, 95, 7, 11, 5, 68, 'Regular'),
(208, 972, 2, 94, 7, 13, 3, 81, 'Satisfatório'),
(209, 46, 2, 19, 2, 9, 7, 56, 'Regular'),
(210, 965, 2, 94, 7, 16, 0, 100, 'Plenamente Satisfatório'),
(211, 47, 2, 19, 2, 10, 6, 62, 'Regular'),
(212, 966, 2, 94, 7, 14, 2, 87, 'Satisfatório'),
(213, 48, 2, 19, 2, 11, 5, 68, 'Regular'),
(214, 973, 2, 94, 7, 14, 2, 87, 'Satisfatório'),
(215, 49, 2, 19, 2, 15, 1, 93, 'Plenamente Satisfatório'),
(216, 967, 2, 94, 7, 15, 1, 93, 'Plenamente Satisfatório'),
(217, 50, 2, 19, 2, 12, 4, 75, 'Satisfatório'),
(218, 968, 2, 94, 7, 15, 1, 93, 'Plenamente Satisfatório'),
(219, 51, 2, 19, 2, 12, 4, 75, 'Satisfatório'),
(220, 42, 2, 19, 2, 16, 0, 100, 'Plenamente Satisfatório'),
(221, 969, 2, 94, 7, 15, 1, 93, 'Plenamente Satisfatório'),
(222, 970, 2, 94, 7, 14, 2, 87, 'Satisfatório'),
(223, 984, 2, 95, 7, 10, 6, 62, 'Regular'),
(224, 985, 2, 95, 7, 15, 1, 93, 'Plenamente Satisfatório'),
(225, 986, 2, 95, 7, 11, 5, 68, 'Regular'),
(226, 987, 2, 95, 7, 10, 6, 62, 'Regular'),
(227, 989, 2, 95, 7, 11, 5, 68, 'Regular'),
(228, 94, 2, 34, 3, 16, 0, 100, 'Plenamente Satisfatório'),
(229, 95, 2, 34, 3, 6, 10, 37, 'Insatisfatório'),
(230, 96, 2, 34, 3, 15, 1, 93, 'Plenamente Satisfatório'),
(231, 97, 2, 34, 3, 14, 2, 87, 'Satisfatório'),
(232, 98, 2, 34, 3, 12, 4, 75, 'Satisfatório'),
(233, 99, 2, 34, 3, 14, 2, 87, 'Satisfatório'),
(234, 100, 2, 34, 3, 15, 1, 93, 'Plenamente Satisfatório'),
(235, 101, 2, 34, 3, 13, 3, 81, 'Satisfatório'),
(236, 102, 2, 34, 3, 14, 2, 87, 'Satisfatório'),
(237, 103, 2, 34, 3, 14, 2, 87, 'Satisfatório'),
(238, 104, 2, 34, 3, 9, 7, 56, 'Regular'),
(239, 105, 2, 34, 3, 8, 8, 50, 'Regular'),
(240, 106, 2, 34, 3, 16, 0, 100, 'Plenamente Satisfatório'),
(241, 107, 2, 34, 3, 13, 3, 81, 'Satisfatório'),
(242, 108, 2, 34, 3, 10, 6, 62, 'Regular'),
(243, 297, 2, 49, 4, 15, 1, 93, 'Plenamente Satisfatório'),
(244, 288, 2, 49, 4, 15, 1, 93, 'Plenamente Satisfatório'),
(245, 292, 2, 49, 4, 15, 1, 93, 'Plenamente Satisfatório'),
(246, 296, 2, 49, 4, 16, 0, 100, 'Plenamente Satisfatório'),
(247, 286, 2, 49, 4, 15, 1, 93, 'Plenamente Satisfatório'),
(248, 298, 2, 49, 4, 10, 6, 62, 'Regular'),
(249, 282, 2, 49, 4, 4, 12, 25, 'Insatisfatório'),
(250, 280, 2, 49, 4, 15, 1, 93, 'Plenamente Satisfatório'),
(251, 283, 2, 49, 4, 16, 0, 100, 'Plenamente Satisfatório'),
(252, 281, 2, 49, 4, 15, 1, 93, 'Plenamente Satisfatório'),
(253, 285, 2, 49, 4, 14, 2, 87, 'Satisfatório'),
(254, 284, 2, 49, 4, 12, 4, 75, 'Satisfatório'),
(255, 293, 2, 49, 4, 16, 0, 100, 'Plenamente Satisfatório'),
(256, 290, 2, 49, 4, 15, 1, 93, 'Plenamente Satisfatório'),
(257, 291, 2, 49, 4, 13, 3, 81, 'Satisfatório'),
(258, 289, 2, 49, 4, 13, 3, 81, 'Satisfatório'),
(259, 295, 2, 49, 4, 12, 4, 75, 'Satisfatório'),
(260, 294, 2, 49, 4, 8, 8, 50, 'Regular'),
(261, 287, 2, 49, 4, 15, 1, 93, 'Plenamente Satisfatório'),
(262, 1030, 2, 34, 3, 9, 7, 56, 'Regular'),
(263, 1031, 2, 34, 3, 6, 10, 37, 'Insatisfatório'),
(264, 1032, 2, 34, 3, 11, 5, 68, 'Regular'),
(265, 1033, 2, 34, 3, 4, 12, 25, 'Insatisfatório'),
(266, 1034, 2, 34, 3, 14, 2, 87, 'Satisfatório'),
(267, 579, 2, 64, 5, 11, 5, 68, 'Regular'),
(268, 320, 2, 51, 4, 4, 12, 25, 'Insatisfatório'),
(269, 331, 2, 51, 4, 11, 5, 68, 'Regular'),
(270, 324, 2, 51, 4, 16, 0, 100, 'Plenamente Satisfatório'),
(271, 336, 2, 51, 4, 6, 10, 37, 'Insatisfatório'),
(272, 334, 2, 51, 4, 13, 3, 81, 'Satisfatório'),
(273, 335, 2, 51, 4, 11, 5, 68, 'Regular'),
(274, 325, 2, 51, 4, 13, 3, 81, 'Satisfatório'),
(275, 330, 2, 51, 4, 16, 0, 100, 'Plenamente Satisfatório'),
(276, 328, 2, 51, 4, 15, 1, 93, 'Plenamente Satisfatório'),
(277, 329, 2, 51, 4, 10, 6, 62, 'Regular'),
(278, 327, 2, 51, 4, 6, 10, 37, 'Insatisfatório'),
(279, 333, 2, 51, 4, 6, 10, 37, 'Insatisfatório'),
(280, 326, 2, 51, 4, 12, 4, 75, 'Satisfatório'),
(281, 321, 2, 51, 4, 8, 8, 50, 'Regular'),
(282, 319, 2, 51, 4, 16, 0, 100, 'Plenamente Satisfatório'),
(283, 322, 2, 51, 4, 14, 2, 87, 'Satisfatório'),
(284, 318, 2, 51, 4, 13, 3, 81, 'Satisfatório'),
(285, 312, 2, 50, 4, 12, 4, 75, 'Satisfatório'),
(286, 302, 2, 50, 4, 13, 3, 81, 'Satisfatório'),
(287, 306, 2, 50, 4, 14, 2, 87, 'Satisfatório'),
(288, 305, 2, 50, 4, 15, 1, 93, 'Plenamente Satisfatório'),
(289, 300, 2, 50, 4, 12, 4, 75, 'Satisfatório'),
(290, 303, 2, 50, 4, 15, 1, 93, 'Plenamente Satisfatório'),
(291, 311, 2, 50, 4, 15, 1, 93, 'Plenamente Satisfatório'),
(292, 308, 2, 50, 4, 2, 14, 12, 'Insatisfatório'),
(293, 310, 2, 50, 4, 15, 1, 93, 'Plenamente Satisfatório'),
(294, 313, 2, 50, 4, 12, 4, 75, 'Satisfatório'),
(295, 314, 2, 50, 4, 15, 1, 93, 'Plenamente Satisfatório'),
(296, 309, 2, 50, 4, 13, 3, 81, 'Satisfatório'),
(297, 316, 2, 50, 4, 10, 6, 62, 'Regular'),
(298, 307, 2, 50, 4, 12, 4, 75, 'Satisfatório'),
(299, 301, 2, 50, 4, 9, 7, 56, 'Regular'),
(300, 299, 2, 50, 4, 14, 2, 87, 'Satisfatório'),
(301, 304, 2, 50, 4, 15, 1, 93, 'Plenamente Satisfatório'),
(302, 746, 2, 79, 6, 15, 1, 93, 'Plenamente Satisfatório'),
(303, 743, 2, 79, 6, 15, 1, 93, 'Plenamente Satisfatório'),
(304, 762, 2, 79, 6, 14, 2, 87, 'Satisfatório'),
(305, 738, 2, 79, 6, 13, 3, 81, 'Satisfatório'),
(306, 741, 2, 79, 6, 15, 1, 93, 'Plenamente Satisfatório'),
(307, 735, 2, 79, 6, 14, 2, 87, 'Satisfatório'),
(308, 756, 2, 79, 6, 13, 3, 81, 'Satisfatório'),
(309, 744, 2, 79, 6, 13, 3, 81, 'Satisfatório'),
(310, 734, 2, 79, 6, 15, 1, 93, 'Plenamente Satisfatório'),
(311, 752, 2, 79, 6, 15, 1, 93, 'Plenamente Satisfatório'),
(312, 761, 2, 79, 6, 11, 5, 68, 'Regular'),
(313, 737, 2, 79, 6, 11, 5, 68, 'Regular'),
(314, 758, 2, 79, 6, 7, 9, 43, 'Insatisfatório'),
(315, 760, 2, 79, 6, 15, 1, 93, 'Plenamente Satisfatório'),
(316, 754, 2, 79, 6, 15, 1, 93, 'Plenamente Satisfatório'),
(317, 736, 2, 79, 6, 13, 3, 81, 'Satisfatório'),
(318, 745, 2, 79, 6, 13, 3, 81, 'Satisfatório'),
(319, 749, 2, 79, 6, 11, 5, 68, 'Regular'),
(320, 759, 2, 79, 6, 14, 2, 87, 'Satisfatório'),
(321, 755, 2, 79, 6, 15, 1, 93, 'Plenamente Satisfatório'),
(322, 751, 2, 79, 6, 14, 2, 87, 'Satisfatório'),
(323, 740, 2, 79, 6, 13, 3, 81, 'Satisfatório'),
(324, 757, 2, 79, 6, 12, 4, 75, 'Satisfatório'),
(325, 739, 2, 79, 6, 12, 4, 75, 'Satisfatório'),
(326, 747, 2, 79, 6, 12, 4, 75, 'Satisfatório'),
(327, 750, 2, 79, 6, 13, 3, 81, 'Satisfatório'),
(328, 748, 2, 79, 6, 15, 1, 93, 'Plenamente Satisfatório'),
(329, 753, 2, 79, 6, 1, 15, 6, 'Insatisfatório'),
(330, 772, 2, 80, 6, 9, 7, 56, 'Regular'),
(331, 770, 2, 80, 6, 13, 3, 81, 'Satisfatório'),
(332, 766, 2, 80, 6, 11, 5, 68, 'Regular'),
(333, 778, 2, 80, 6, 14, 2, 87, 'Satisfatório'),
(334, 765, 2, 80, 6, 16, 0, 100, 'Plenamente Satisfatório'),
(335, 776, 2, 80, 6, 13, 3, 81, 'Satisfatório'),
(336, 787, 2, 80, 6, 16, 0, 100, 'Plenamente Satisfatório'),
(337, 784, 2, 80, 6, 10, 6, 62, 'Regular'),
(338, 769, 2, 80, 6, 12, 4, 75, 'Satisfatório'),
(339, 767, 2, 80, 6, 15, 1, 93, 'Plenamente Satisfatório'),
(340, 780, 2, 80, 6, 12, 4, 75, 'Satisfatório'),
(341, 785, 2, 80, 6, 12, 4, 75, 'Satisfatório'),
(342, 783, 2, 80, 6, 7, 9, 43, 'Insatisfatório'),
(343, 777, 2, 80, 6, 13, 3, 81, 'Satisfatório'),
(344, 786, 2, 80, 6, 11, 5, 68, 'Regular'),
(345, 763, 2, 80, 6, 14, 2, 87, 'Satisfatório'),
(346, 775, 2, 80, 6, 12, 4, 75, 'Satisfatório'),
(347, 779, 2, 80, 6, 13, 3, 81, 'Satisfatório'),
(348, 768, 2, 80, 6, 14, 2, 87, 'Satisfatório'),
(349, 781, 2, 80, 6, 14, 2, 87, 'Satisfatório'),
(350, 782, 2, 80, 6, 14, 2, 87, 'Satisfatório'),
(351, 773, 2, 80, 6, 10, 6, 62, 'Regular'),
(352, 774, 2, 80, 6, 14, 2, 87, 'Satisfatório'),
(353, 764, 2, 80, 6, 11, 5, 68, 'Regular'),
(354, 742, 2, 79, 6, 13, 3, 81, 'Satisfatório'),
(355, 373, 3, 53, 4, 13, 3, 81, 'Satisfatório'),
(356, 382, 3, 53, 4, 14, 2, 87, 'Satisfatório'),
(357, 363, 3, 53, 4, 14, 2, 87, 'Satisfatório'),
(358, 368, 3, 53, 4, 15, 1, 93, 'Plenamente Satisfatório'),
(359, 367, 3, 53, 4, 11, 5, 68, 'Regular'),
(360, 365, 3, 53, 4, 12, 4, 75, 'Satisfatório'),
(361, 375, 3, 53, 4, 11, 5, 68, 'Regular'),
(362, 374, 3, 53, 4, 14, 2, 87, 'Satisfatório'),
(363, 376, 3, 53, 4, 10, 6, 62, 'Regular'),
(364, 370, 3, 53, 4, 10, 6, 62, 'Regular'),
(365, 379, 3, 53, 4, 10, 6, 62, 'Regular'),
(366, 364, 3, 53, 4, 15, 1, 93, 'Plenamente Satisfatório'),
(367, 378, 3, 53, 4, 15, 1, 93, 'Plenamente Satisfatório'),
(368, 371, 3, 53, 4, 9, 7, 56, 'Regular'),
(369, 380, 3, 53, 4, 7, 9, 43, 'Insatisfatório'),
(370, 381, 3, 53, 4, 8, 8, 50, 'Regular'),
(371, 366, 3, 53, 4, 8, 8, 50, 'Regular'),
(372, 372, 3, 53, 4, 15, 1, 93, 'Plenamente Satisfatório'),
(373, 369, 3, 53, 4, 6, 10, 37, 'Insatisfatório'),
(374, 392, 3, 54, 4, 10, 6, 62, 'Regular'),
(375, 395, 3, 54, 4, 6, 10, 37, 'Insatisfatório'),
(376, 396, 3, 54, 4, 13, 3, 81, 'Satisfatório'),
(377, 385, 3, 54, 4, 13, 3, 81, 'Satisfatório'),
(378, 399, 3, 54, 4, 5, 11, 31, 'Insatisfatório'),
(379, 390, 3, 54, 4, 15, 1, 93, 'Plenamente Satisfatório'),
(380, 388, 3, 54, 4, 14, 2, 87, 'Satisfatório'),
(381, 398, 3, 54, 4, 12, 4, 75, 'Satisfatório'),
(382, 386, 3, 54, 4, 6, 10, 37, 'Insatisfatório'),
(383, 397, 3, 54, 4, 4, 12, 25, 'Insatisfatório'),
(384, 391, 3, 54, 4, 6, 10, 37, 'Insatisfatório'),
(385, 383, 3, 54, 4, 2, 14, 12, 'Insatisfatório'),
(386, 394, 3, 54, 4, 9, 7, 56, 'Regular'),
(387, 393, 3, 54, 4, 5, 11, 31, 'Insatisfatório'),
(388, 389, 3, 54, 4, 8, 8, 50, 'Regular'),
(389, 387, 3, 54, 4, 12, 4, 75, 'Satisfatório'),
(390, 990, 3, 97, 7, 13, 3, 81, 'Satisfatório'),
(391, 1005, 3, 97, 7, 10, 6, 62, 'Regular'),
(392, 999, 3, 97, 7, 10, 6, 62, 'Regular'),
(393, 992, 3, 97, 7, 9, 7, 56, 'Regular'),
(394, 998, 3, 97, 7, 12, 4, 75, 'Satisfatório'),
(395, 994, 3, 97, 7, 7, 9, 43, 'Insatisfatório'),
(396, 1001, 3, 97, 7, 5, 11, 31, 'Insatisfatório'),
(397, 991, 3, 97, 7, 7, 9, 43, 'Insatisfatório'),
(398, 1010, 3, 97, 7, 9, 7, 56, 'Regular'),
(399, 993, 3, 97, 7, 9, 7, 56, 'Regular'),
(400, 1011, 3, 97, 7, 11, 5, 68, 'Regular'),
(401, 1006, 3, 97, 7, 12, 4, 75, 'Satisfatório'),
(402, 1007, 3, 97, 7, 11, 5, 68, 'Regular'),
(403, 997, 3, 97, 7, 11, 5, 68, 'Regular'),
(404, 995, 3, 97, 7, 12, 4, 75, 'Satisfatório'),
(405, 1009, 3, 97, 7, 10, 6, 62, 'Regular'),
(406, 1004, 3, 97, 7, 10, 6, 62, 'Regular'),
(407, 1008, 3, 97, 7, 10, 6, 62, 'Regular'),
(408, 1002, 3, 97, 7, 12, 4, 75, 'Satisfatório'),
(409, 1000, 3, 97, 7, 12, 4, 75, 'Satisfatório'),
(410, 996, 3, 97, 7, 11, 5, 68, 'Regular'),
(411, 1003, 3, 97, 7, 9, 7, 56, 'Regular'),
(412, 354, 3, 52, 4, 14, 2, 87, 'Satisfatório'),
(413, 341, 3, 52, 4, 16, 0, 100, 'Plenamente Satisfatório'),
(414, 340, 3, 52, 4, 15, 1, 93, 'Plenamente Satisfatório'),
(415, 342, 3, 52, 4, 14, 2, 87, 'Satisfatório'),
(416, 359, 3, 52, 4, 14, 2, 87, 'Satisfatório'),
(417, 347, 3, 52, 4, 12, 4, 75, 'Satisfatório'),
(418, 345, 3, 52, 4, 15, 1, 93, 'Plenamente Satisfatório'),
(419, 344, 3, 52, 4, 11, 5, 68, 'Regular'),
(420, 351, 3, 52, 4, 9, 7, 56, 'Regular'),
(421, 362, 3, 52, 4, 15, 1, 93, 'Plenamente Satisfatório'),
(422, 352, 3, 52, 4, 16, 0, 100, 'Plenamente Satisfatório'),
(423, 360, 3, 52, 4, 13, 3, 81, 'Satisfatório'),
(424, 346, 3, 52, 4, 16, 0, 100, 'Plenamente Satisfatório'),
(425, 348, 3, 52, 4, 10, 6, 62, 'Regular'),
(426, 343, 3, 52, 4, 16, 0, 100, 'Plenamente Satisfatório'),
(427, 356, 3, 52, 4, 16, 0, 100, 'Plenamente Satisfatório'),
(428, 357, 3, 52, 4, 5, 11, 31, 'Insatisfatório'),
(429, 361, 3, 52, 4, 16, 0, 100, 'Plenamente Satisfatório'),
(430, 353, 3, 52, 4, 16, 0, 100, 'Plenamente Satisfatório'),
(431, 338, 3, 52, 4, 12, 4, 75, 'Satisfatório'),
(432, 337, 3, 52, 4, 14, 2, 87, 'Satisfatório'),
(433, 339, 3, 52, 4, 14, 2, 87, 'Satisfatório'),
(434, 355, 3, 52, 4, 9, 7, 56, 'Regular'),
(435, 350, 3, 52, 4, 3, 13, 18, 'Insatisfatório'),
(436, 358, 3, 52, 4, 14, 2, 87, 'Satisfatório'),
(437, 349, 3, 52, 4, 14, 2, 87, 'Satisfatório'),
(438, 72, 3, 7, 1, 5, 11, 31, 'Insatisfatório'),
(439, 73, 3, 7, 1, 10, 6, 62, 'Regular'),
(440, 74, 3, 7, 1, 10, 6, 62, 'Regular'),
(441, 75, 3, 7, 1, 16, 0, 100, 'Plenamente Satisfatório'),
(442, 76, 3, 7, 1, 12, 4, 75, 'Satisfatório'),
(443, 77, 3, 7, 1, 15, 1, 93, 'Plenamente Satisfatório'),
(444, 78, 3, 7, 1, 12, 4, 75, 'Satisfatório'),
(445, 79, 3, 7, 1, 15, 1, 93, 'Plenamente Satisfatório'),
(446, 80, 3, 7, 1, 8, 8, 50, 'Regular'),
(447, 132, 3, 37, 3, 12, 4, 75, 'Satisfatório'),
(448, 133, 3, 37, 3, 9, 7, 56, 'Regular'),
(449, 134, 3, 37, 3, 15, 1, 93, 'Plenamente Satisfatório'),
(450, 135, 3, 37, 3, 13, 3, 81, 'Satisfatório'),
(451, 156, 3, 37, 3, 8, 8, 50, 'Regular'),
(452, 136, 3, 37, 3, 7, 9, 43, 'Insatisfatório'),
(453, 137, 3, 37, 3, 12, 4, 75, 'Satisfatório'),
(454, 138, 3, 37, 3, 12, 4, 75, 'Satisfatório'),
(455, 139, 3, 37, 3, 10, 6, 62, 'Regular'),
(456, 140, 3, 37, 3, 13, 3, 81, 'Satisfatório'),
(457, 141, 3, 37, 3, 7, 9, 43, 'Insatisfatório'),
(458, 142, 3, 37, 3, 13, 3, 81, 'Satisfatório'),
(459, 143, 3, 37, 3, 11, 5, 68, 'Regular'),
(460, 144, 3, 37, 3, 13, 3, 81, 'Satisfatório'),
(461, 145, 3, 37, 3, 10, 6, 62, 'Regular'),
(462, 146, 3, 37, 3, 14, 2, 87, 'Satisfatório'),
(463, 147, 3, 37, 3, 16, 0, 100, 'Plenamente Satisfatório'),
(464, 148, 3, 37, 3, 14, 2, 87, 'Satisfatório'),
(465, 149, 3, 37, 3, 12, 4, 75, 'Satisfatório'),
(466, 150, 3, 37, 3, 12, 4, 75, 'Satisfatório'),
(467, 151, 3, 37, 3, 12, 4, 75, 'Satisfatório'),
(468, 152, 3, 37, 3, 15, 1, 93, 'Plenamente Satisfatório'),
(469, 153, 3, 37, 3, 16, 0, 100, 'Plenamente Satisfatório'),
(470, 154, 3, 37, 3, 8, 8, 50, 'Regular'),
(471, 384, 3, 54, 4, 14, 2, 87, 'Satisfatório'),
(472, 155, 3, 37, 3, 8, 8, 50, 'Regular'),
(473, 109, 3, 38, 3, 14, 2, 87, 'Satisfatório'),
(474, 110, 3, 38, 3, 9, 7, 56, 'Regular'),
(475, 111, 3, 38, 3, 9, 7, 56, 'Regular'),
(476, 112, 3, 38, 3, 10, 6, 62, 'Regular'),
(477, 113, 3, 38, 3, 13, 3, 81, 'Satisfatório'),
(478, 114, 3, 38, 3, 10, 6, 62, 'Regular'),
(479, 115, 3, 38, 3, 5, 11, 31, 'Insatisfatório'),
(480, 789, 3, 82, 6, 8, 8, 50, 'Regular'),
(481, 794, 3, 82, 6, 15, 1, 93, 'Plenamente Satisfatório'),
(482, 798, 3, 82, 6, 9, 7, 56, 'Regular'),
(483, 796, 3, 82, 6, 14, 2, 87, 'Satisfatório'),
(484, 809, 3, 82, 6, 10, 6, 62, 'Regular'),
(485, 800, 3, 82, 6, 15, 1, 93, 'Plenamente Satisfatório'),
(486, 790, 3, 82, 6, 13, 3, 81, 'Satisfatório'),
(487, 810, 3, 82, 6, 8, 8, 50, 'Regular'),
(488, 806, 3, 82, 6, 16, 0, 100, 'Plenamente Satisfatório'),
(489, 808, 3, 82, 6, 12, 4, 75, 'Satisfatório'),
(490, 795, 3, 82, 6, 16, 0, 100, 'Plenamente Satisfatório'),
(491, 792, 3, 82, 6, 16, 0, 100, 'Plenamente Satisfatório'),
(492, 805, 3, 82, 6, 15, 1, 93, 'Plenamente Satisfatório'),
(493, 801, 3, 82, 6, 15, 1, 93, 'Plenamente Satisfatório'),
(494, 793, 3, 82, 6, 16, 0, 100, 'Plenamente Satisfatório'),
(495, 811, 3, 82, 6, 14, 2, 87, 'Satisfatório'),
(496, 791, 3, 82, 6, 10, 6, 62, 'Regular'),
(497, 813, 3, 82, 6, 11, 5, 68, 'Regular'),
(498, 804, 3, 82, 6, 14, 2, 87, 'Satisfatório'),
(499, 799, 3, 82, 6, 13, 3, 81, 'Satisfatório'),
(500, 807, 3, 82, 6, 15, 1, 93, 'Plenamente Satisfatório'),
(501, 803, 3, 82, 6, 14, 2, 87, 'Satisfatório'),
(502, 802, 3, 82, 6, 13, 3, 81, 'Satisfatório'),
(503, 599, 3, 67, 5, 11, 5, 68, 'Regular'),
(504, 600, 3, 67, 5, 12, 4, 75, 'Satisfatório'),
(505, 601, 3, 67, 5, 2, 14, 12, 'Insatisfatório'),
(506, 602, 3, 67, 5, 16, 0, 100, 'Plenamente Satisfatório'),
(507, 603, 3, 67, 5, 14, 2, 87, 'Satisfatório'),
(508, 604, 3, 67, 5, 13, 3, 81, 'Satisfatório'),
(509, 606, 3, 67, 5, 13, 3, 81, 'Satisfatório'),
(510, 607, 3, 67, 5, 12, 4, 75, 'Satisfatório'),
(511, 608, 3, 67, 5, 13, 3, 81, 'Satisfatório'),
(512, 609, 3, 67, 5, 12, 4, 75, 'Satisfatório'),
(513, 610, 3, 67, 5, 12, 4, 75, 'Satisfatório'),
(514, 611, 3, 67, 5, 15, 1, 93, 'Plenamente Satisfatório'),
(515, 81, 4, 10, 1, 2, 14, 12, 'Insatisfatório'),
(516, 82, 4, 10, 1, 12, 4, 75, 'Satisfatório'),
(517, 83, 4, 10, 1, 11, 5, 68, 'Regular'),
(518, 85, 4, 10, 1, 7, 9, 43, 'Insatisfatório'),
(519, 86, 4, 10, 1, 3, 13, 18, 'Insatisfatório'),
(520, 87, 4, 10, 1, 2, 14, 12, 'Insatisfatório'),
(521, 88, 4, 10, 1, 13, 3, 81, 'Satisfatório'),
(522, 89, 4, 10, 1, 11, 5, 68, 'Regular'),
(523, 90, 4, 10, 1, 13, 3, 81, 'Satisfatório'),
(524, 91, 4, 10, 1, 3, 13, 18, 'Insatisfatório'),
(525, 92, 4, 10, 1, 10, 6, 62, 'Regular'),
(526, 93, 4, 10, 1, 13, 3, 81, 'Satisfatório'),
(527, 441, 4, 56, 4, 12, 4, 75, 'Satisfatório'),
(528, 445, 4, 56, 4, 10, 6, 62, 'Regular'),
(529, 435, 4, 56, 4, 8, 8, 50, 'Regular'),
(530, 439, 4, 56, 4, 12, 4, 75, 'Satisfatório'),
(531, 442, 4, 56, 4, 2, 14, 12, 'Insatisfatório'),
(532, 438, 4, 56, 4, 10, 6, 62, 'Regular'),
(533, 427, 4, 56, 4, 12, 4, 75, 'Satisfatório'),
(534, 443, 4, 56, 4, 11, 5, 68, 'Regular'),
(535, 429, 4, 56, 4, 11, 5, 68, 'Regular'),
(536, 432, 4, 56, 4, 11, 5, 68, 'Regular'),
(537, 437, 4, 56, 4, 12, 4, 75, 'Satisfatório'),
(538, 440, 4, 56, 4, 14, 2, 87, 'Satisfatório'),
(539, 428, 4, 56, 4, 12, 4, 75, 'Satisfatório'),
(540, 444, 4, 56, 4, 13, 3, 81, 'Satisfatório'),
(541, 433, 4, 56, 4, 9, 7, 56, 'Regular'),
(542, 436, 4, 56, 4, 12, 4, 75, 'Satisfatório'),
(543, 434, 4, 56, 4, 7, 9, 43, 'Insatisfatório'),
(544, 430, 4, 56, 4, 6, 10, 37, 'Insatisfatório'),
(545, 431, 4, 56, 4, 15, 1, 93, 'Plenamente Satisfatório'),
(546, 174, 4, 40, 3, 13, 3, 81, 'Satisfatório'),
(547, 173, 4, 40, 3, 10, 6, 62, 'Regular'),
(548, 172, 4, 40, 3, 9, 7, 56, 'Regular'),
(549, 171, 4, 40, 3, 8, 8, 50, 'Regular'),
(550, 170, 4, 40, 3, 12, 4, 75, 'Satisfatório'),
(551, 169, 4, 40, 3, 8, 8, 50, 'Regular'),
(552, 168, 4, 40, 3, 11, 5, 68, 'Regular'),
(553, 167, 4, 40, 3, 11, 5, 68, 'Regular'),
(554, 166, 4, 40, 3, 12, 4, 75, 'Satisfatório'),
(555, 165, 4, 40, 3, 8, 8, 50, 'Regular'),
(556, 164, 4, 40, 3, 13, 3, 81, 'Satisfatório'),
(557, 163, 4, 40, 3, 13, 3, 81, 'Satisfatório'),
(558, 162, 4, 40, 3, 12, 4, 75, 'Satisfatório'),
(559, 161, 4, 40, 3, 11, 5, 68, 'Regular'),
(560, 160, 4, 40, 3, 13, 3, 81, 'Satisfatório'),
(561, 159, 4, 40, 3, 8, 8, 50, 'Regular'),
(562, 158, 4, 40, 3, 7, 9, 43, 'Insatisfatório'),
(563, 157, 4, 40, 3, 9, 7, 56, 'Regular'),
(564, 175, 4, 40, 3, 9, 7, 56, 'Regular'),
(565, 176, 4, 40, 3, 8, 8, 50, 'Regular'),
(566, 181, 4, 40, 3, 7, 9, 43, 'Insatisfatório'),
(567, 180, 4, 40, 3, 10, 6, 62, 'Regular'),
(568, 179, 4, 40, 3, 5, 11, 31, 'Insatisfatório'),
(569, 178, 4, 40, 3, 11, 5, 68, 'Regular'),
(570, 177, 4, 40, 3, 14, 2, 87, 'Satisfatório'),
(571, 414, 4, 55, 4, 16, 0, 100, 'Plenamente Satisfatório'),
(572, 407, 4, 55, 4, 13, 3, 81, 'Satisfatório'),
(573, 412, 4, 55, 4, 10, 6, 62, 'Regular'),
(574, 411, 4, 55, 4, 16, 0, 100, 'Plenamente Satisfatório'),
(575, 420, 4, 55, 4, 12, 4, 75, 'Satisfatório'),
(576, 415, 4, 55, 4, 14, 2, 87, 'Satisfatório'),
(577, 422, 4, 55, 4, 14, 2, 87, 'Satisfatório'),
(578, 408, 4, 55, 4, 16, 0, 100, 'Plenamente Satisfatório'),
(579, 416, 4, 55, 4, 13, 3, 81, 'Satisfatório'),
(580, 405, 4, 55, 4, 10, 6, 62, 'Regular'),
(581, 424, 4, 55, 4, 11, 5, 68, 'Regular'),
(582, 423, 4, 55, 4, 9, 7, 56, 'Regular'),
(583, 400, 4, 55, 4, 13, 3, 81, 'Satisfatório'),
(584, 403, 4, 55, 4, 9, 7, 56, 'Regular'),
(585, 421, 4, 55, 4, 9, 7, 56, 'Regular'),
(586, 406, 4, 55, 4, 8, 8, 50, 'Regular'),
(587, 404, 4, 55, 4, 11, 5, 68, 'Regular'),
(588, 409, 4, 55, 4, 10, 6, 62, 'Regular'),
(589, 410, 4, 55, 4, 9, 7, 56, 'Regular'),
(590, 402, 4, 55, 4, 16, 0, 100, 'Plenamente Satisfatório'),
(591, 401, 4, 55, 4, 10, 6, 62, 'Regular'),
(592, 425, 4, 55, 4, 8, 8, 50, 'Regular'),
(593, 418, 4, 55, 4, 10, 6, 62, 'Regular'),
(594, 413, 4, 55, 4, 9, 7, 56, 'Regular'),
(595, 419, 4, 55, 4, 4, 12, 25, 'Insatisfatório'),
(596, 417, 4, 55, 4, 13, 3, 81, 'Satisfatório'),
(597, 84, 4, 10, 1, 11, 5, 68, 'Regular'),
(598, 641, 4, 70, 5, 6, 10, 37, 'Insatisfatório'),
(599, 644, 4, 70, 5, 6, 10, 37, 'Insatisfatório'),
(600, 447, 4, 57, 4, 12, 4, 75, 'Satisfatório'),
(601, 456, 4, 57, 4, 9, 7, 56, 'Regular'),
(602, 458, 4, 57, 4, 16, 0, 100, 'Plenamente Satisfatório'),
(603, 446, 4, 57, 4, 12, 4, 75, 'Satisfatório'),
(604, 461, 4, 57, 4, 14, 2, 87, 'Satisfatório'),
(605, 450, 4, 57, 4, 10, 6, 62, 'Regular'),
(606, 459, 4, 57, 4, 9, 7, 56, 'Regular'),
(607, 463, 4, 57, 4, 11, 5, 68, 'Regular'),
(608, 455, 4, 57, 4, 13, 3, 81, 'Satisfatório'),
(609, 452, 4, 57, 4, 11, 5, 68, 'Regular'),
(610, 453, 4, 57, 4, 11, 5, 68, 'Regular'),
(611, 460, 4, 57, 4, 2, 14, 12, 'Insatisfatório'),
(612, 457, 4, 57, 4, 11, 5, 68, 'Regular'),
(613, 448, 4, 57, 4, 12, 4, 75, 'Satisfatório'),
(614, 426, 4, 55, 4, 1, 15, 6, 'Insatisfatório'),
(615, 820, 4, 85, 6, 6, 10, 37, 'Insatisfatório'),
(616, 827, 4, 85, 6, 8, 8, 50, 'Regular'),
(617, 826, 4, 85, 6, 9, 7, 56, 'Regular'),
(618, 841, 4, 85, 6, 13, 3, 81, 'Satisfatório'),
(619, 823, 4, 85, 6, 8, 8, 50, 'Regular'),
(620, 829, 4, 85, 6, 6, 10, 37, 'Insatisfatório'),
(621, 839, 4, 85, 6, 13, 3, 81, 'Satisfatório'),
(622, 824, 4, 85, 6, 9, 7, 56, 'Regular'),
(623, 825, 4, 85, 6, 5, 11, 31, 'Insatisfatório'),
(624, 816, 4, 85, 6, 12, 4, 75, 'Satisfatório'),
(625, 815, 4, 85, 6, 9, 7, 56, 'Regular'),
(626, 831, 4, 85, 6, 12, 4, 75, 'Satisfatório'),
(627, 830, 4, 85, 6, 11, 5, 68, 'Regular'),
(628, 832, 4, 85, 6, 12, 4, 75, 'Satisfatório'),
(629, 817, 4, 85, 6, 14, 2, 87, 'Satisfatório'),
(630, 818, 4, 85, 6, 7, 9, 43, 'Insatisfatório'),
(631, 837, 4, 85, 6, 14, 2, 87, 'Satisfatório'),
(632, 822, 4, 85, 6, 9, 7, 56, 'Regular'),
(633, 834, 4, 85, 6, 13, 3, 81, 'Satisfatório'),
(634, 838, 4, 85, 6, 3, 13, 18, 'Insatisfatório'),
(635, 835, 4, 85, 6, 8, 8, 50, 'Regular'),
(636, 821, 4, 85, 6, 10, 6, 62, 'Regular'),
(637, 819, 4, 85, 6, 8, 8, 50, 'Regular'),
(638, 828, 4, 85, 6, 11, 5, 68, 'Regular'),
(639, 836, 4, 85, 6, 13, 3, 81, 'Satisfatório'),
(640, 840, 4, 85, 6, 10, 6, 62, 'Regular'),
(641, 833, 4, 85, 6, 14, 2, 87, 'Satisfatório'),
(642, 863, 4, 86, 6, 11, 5, 68, 'Regular'),
(643, 861, 4, 86, 6, 4, 12, 25, 'Insatisfatório'),
(644, 857, 4, 86, 6, 15, 1, 93, 'Plenamente Satisfatório'),
(645, 846, 4, 86, 6, 4, 12, 25, 'Insatisfatório'),
(646, 849, 4, 86, 6, 12, 4, 75, 'Satisfatório'),
(647, 854, 4, 86, 6, 12, 4, 75, 'Satisfatório'),
(648, 864, 4, 86, 6, 9, 7, 56, 'Regular'),
(649, 856, 4, 86, 6, 10, 6, 62, 'Regular'),
(650, 843, 4, 86, 6, 10, 6, 62, 'Regular'),
(651, 844, 4, 86, 6, 1, 15, 6, 'Insatisfatório'),
(652, 851, 4, 86, 6, 11, 5, 68, 'Regular'),
(653, 859, 4, 86, 6, 11, 5, 68, 'Regular'),
(654, 860, 4, 86, 6, 4, 12, 25, 'Insatisfatório'),
(655, 855, 4, 86, 6, 8, 8, 50, 'Regular'),
(656, 853, 4, 86, 6, 10, 6, 62, 'Regular'),
(657, 852, 4, 86, 6, 12, 4, 75, 'Satisfatório'),
(658, 842, 4, 86, 6, 11, 5, 68, 'Regular'),
(659, 862, 4, 86, 6, 15, 1, 93, 'Plenamente Satisfatório'),
(660, 850, 4, 86, 6, 8, 8, 50, 'Regular'),
(661, 848, 4, 86, 6, 15, 1, 93, 'Plenamente Satisfatório'),
(662, 847, 4, 86, 6, 12, 4, 75, 'Satisfatório'),
(663, 858, 4, 86, 6, 5, 11, 31, 'Insatisfatório'),
(664, 2, 5, 13, 1, 11, 5, 68, 'Regular'),
(665, 3, 5, 13, 1, 16, 0, 100, 'Plenamente Satisfatório'),
(666, 507, 5, 60, 4, 12, 4, 75, 'Satisfatório'),
(667, 508, 5, 60, 4, 14, 2, 87, 'Satisfatório'),
(668, 509, 5, 60, 4, 11, 5, 68, 'Regular'),
(669, 510, 5, 60, 4, 13, 3, 81, 'Satisfatório'),
(670, 511, 5, 60, 4, 16, 0, 100, 'Plenamente Satisfatório'),
(671, 512, 5, 60, 4, 14, 2, 87, 'Satisfatório'),
(672, 513, 5, 60, 4, 12, 4, 75, 'Satisfatório'),
(673, 514, 5, 60, 4, 12, 4, 75, 'Satisfatório'),
(674, 515, 5, 60, 4, 16, 0, 100, 'Plenamente Satisfatório'),
(675, 516, 5, 60, 4, 16, 0, 100, 'Plenamente Satisfatório'),
(676, 517, 5, 60, 4, 14, 2, 87, 'Satisfatório'),
(677, 495, 5, 59, 4, 15, 1, 93, 'Plenamente Satisfatório'),
(678, 496, 5, 59, 4, 15, 1, 93, 'Plenamente Satisfatório'),
(679, 494, 5, 59, 4, 8, 8, 50, 'Regular'),
(680, 491, 5, 59, 4, 15, 1, 93, 'Plenamente Satisfatório'),
(681, 499, 5, 59, 4, 11, 5, 68, 'Regular'),
(682, 497, 5, 59, 4, 10, 6, 62, 'Regular'),
(683, 498, 5, 59, 4, 12, 4, 75, 'Satisfatório'),
(684, 503, 5, 59, 4, 16, 0, 100, 'Plenamente Satisfatório'),
(685, 492, 5, 59, 4, 12, 4, 75, 'Satisfatório'),
(686, 500, 5, 59, 4, 13, 3, 81, 'Satisfatório'),
(687, 506, 5, 59, 4, 14, 2, 87, 'Satisfatório'),
(688, 504, 5, 59, 4, 15, 1, 93, 'Plenamente Satisfatório'),
(689, 489, 5, 59, 4, 13, 3, 81, 'Satisfatório'),
(690, 493, 5, 59, 4, 14, 2, 87, 'Satisfatório'),
(691, 502, 5, 59, 4, 15, 1, 93, 'Plenamente Satisfatório'),
(692, 490, 5, 59, 4, 14, 2, 87, 'Satisfatório'),
(693, 501, 5, 59, 4, 3, 13, 18, 'Insatisfatório'),
(694, 505, 5, 59, 4, 0, 16, 0, 'Insatisfatório'),
(695, 1, 5, 13, 1, 9, 7, 56, 'Regular'),
(696, 5, 5, 13, 1, 14, 2, 87, 'Satisfatório'),
(697, 6, 5, 13, 1, 12, 4, 75, 'Satisfatório'),
(698, 7, 5, 13, 1, 16, 0, 100, 'Plenamente Satisfatório'),
(699, 8, 5, 13, 1, 15, 1, 93, 'Plenamente Satisfatório'),
(700, 9, 5, 13, 1, 16, 0, 100, 'Plenamente Satisfatório'),
(701, 10, 5, 13, 1, 13, 3, 81, 'Satisfatório'),
(702, 11, 5, 13, 1, 14, 2, 87, 'Satisfatório'),
(703, 12, 5, 13, 1, 14, 2, 87, 'Satisfatório'),
(704, 13, 5, 13, 1, 15, 1, 93, 'Plenamente Satisfatório'),
(705, 14, 5, 13, 1, 11, 5, 68, 'Regular'),
(706, 15, 5, 13, 1, 6, 10, 37, 'Insatisfatório'),
(707, 16, 5, 13, 1, 13, 3, 81, 'Satisfatório'),
(708, 475, 5, 58, 4, 14, 2, 87, 'Satisfatório'),
(709, 473, 5, 58, 4, 3, 13, 18, 'Insatisfatório'),
(710, 477, 5, 58, 4, 12, 4, 75, 'Satisfatório'),
(711, 482, 5, 58, 4, 9, 7, 56, 'Regular'),
(712, 518, 5, 60, 4, 14, 2, 87, 'Satisfatório'),
(713, 665, 5, 73, 5, 7, 9, 43, 'Insatisfatório'),
(714, 666, 5, 73, 5, 13, 3, 81, 'Satisfatório'),
(715, 519, 5, 60, 4, 14, 2, 87, 'Satisfatório'),
(716, 520, 5, 60, 4, 15, 1, 93, 'Plenamente Satisfatório'),
(717, 667, 5, 73, 5, 11, 5, 68, 'Regular'),
(718, 523, 5, 60, 4, 15, 1, 93, 'Plenamente Satisfatório'),
(719, 524, 5, 60, 4, 15, 1, 93, 'Plenamente Satisfatório'),
(720, 668, 5, 73, 5, 15, 1, 93, 'Plenamente Satisfatório'),
(721, 525, 5, 60, 4, 8, 8, 50, 'Regular'),
(722, 526, 5, 60, 4, 5, 11, 31, 'Insatisfatório'),
(723, 669, 5, 73, 5, 11, 5, 68, 'Regular'),
(724, 688, 5, 73, 5, 12, 4, 75, 'Satisfatório'),
(725, 689, 5, 73, 5, 11, 5, 68, 'Regular'),
(726, 670, 5, 73, 5, 15, 1, 93, 'Plenamente Satisfatório'),
(727, 671, 5, 73, 5, 12, 4, 75, 'Satisfatório'),
(728, 672, 5, 73, 5, 6, 10, 37, 'Insatisfatório'),
(729, 673, 5, 73, 5, 6, 10, 37, 'Insatisfatório'),
(730, 674, 5, 73, 5, 14, 2, 87, 'Satisfatório'),
(731, 675, 5, 73, 5, 6, 10, 37, 'Insatisfatório'),
(732, 685, 5, 73, 5, 9, 7, 56, 'Regular'),
(733, 676, 5, 73, 5, 12, 4, 75, 'Satisfatório'),
(734, 182, 5, 43, 3, 14, 2, 87, 'Satisfatório'),
(735, 183, 5, 43, 3, 9, 7, 56, 'Regular'),
(736, 184, 5, 43, 3, 4, 12, 25, 'Insatisfatório'),
(737, 185, 5, 43, 3, 15, 1, 93, 'Plenamente Satisfatório'),
(738, 186, 5, 43, 3, 14, 2, 87, 'Satisfatório'),
(739, 187, 5, 43, 3, 15, 1, 93, 'Plenamente Satisfatório'),
(740, 188, 5, 43, 3, 9, 7, 56, 'Regular'),
(741, 189, 5, 43, 3, 13, 3, 81, 'Satisfatório'),
(742, 190, 5, 43, 3, 6, 10, 37, 'Insatisfatório'),
(743, 191, 5, 43, 3, 5, 11, 31, 'Insatisfatório'),
(744, 192, 5, 43, 3, 12, 4, 75, 'Satisfatório'),
(745, 193, 5, 43, 3, 15, 1, 93, 'Plenamente Satisfatório'),
(746, 194, 5, 43, 3, 13, 3, 81, 'Satisfatório'),
(747, 195, 5, 43, 3, 9, 7, 56, 'Regular'),
(748, 196, 5, 43, 3, 15, 1, 93, 'Plenamente Satisfatório'),
(749, 197, 5, 43, 3, 12, 4, 75, 'Satisfatório'),
(750, 198, 5, 43, 3, 13, 3, 81, 'Satisfatório'),
(751, 199, 5, 43, 3, 15, 1, 93, 'Plenamente Satisfatório'),
(752, 200, 5, 43, 3, 16, 0, 100, 'Plenamente Satisfatório'),
(753, 201, 5, 43, 3, 7, 9, 43, 'Insatisfatório'),
(754, 202, 5, 43, 3, 14, 2, 87, 'Satisfatório'),
(755, 203, 5, 43, 3, 11, 5, 68, 'Regular'),
(756, 204, 5, 43, 3, 10, 6, 62, 'Regular'),
(757, 205, 5, 43, 3, 9, 7, 56, 'Regular'),
(758, 206, 5, 43, 3, 12, 4, 75, 'Satisfatório'),
(759, 207, 5, 43, 3, 6, 10, 37, 'Insatisfatório'),
(760, 208, 5, 43, 3, 6, 10, 37, 'Insatisfatório'),
(761, 521, 5, 60, 4, 15, 1, 93, 'Plenamente Satisfatório'),
(762, 522, 5, 60, 4, 12, 4, 75, 'Satisfatório'),
(763, 474, 5, 58, 4, 10, 6, 62, 'Regular'),
(764, 480, 5, 58, 4, 14, 2, 87, 'Satisfatório'),
(765, 485, 5, 58, 4, 7, 9, 43, 'Insatisfatório'),
(766, 479, 5, 58, 4, 12, 4, 75, 'Satisfatório'),
(767, 487, 5, 58, 4, 7, 9, 43, 'Insatisfatório'),
(768, 464, 5, 58, 4, 8, 8, 50, 'Regular'),
(769, 484, 5, 58, 4, 15, 1, 93, 'Plenamente Satisfatório'),
(770, 476, 5, 58, 4, 3, 13, 18, 'Insatisfatório'),
(771, 481, 5, 58, 4, 14, 2, 87, 'Satisfatório'),
(772, 483, 5, 58, 4, 14, 2, 87, 'Satisfatório'),
(773, 478, 5, 58, 4, 7, 9, 43, 'Insatisfatório'),
(774, 470, 5, 58, 4, 12, 4, 75, 'Satisfatório'),
(775, 467, 5, 58, 4, 13, 3, 81, 'Satisfatório'),
(776, 468, 5, 58, 4, 13, 3, 81, 'Satisfatório'),
(777, 469, 5, 58, 4, 14, 2, 87, 'Satisfatório'),
(778, 466, 5, 58, 4, 6, 10, 37, 'Insatisfatório'),
(779, 471, 5, 58, 4, 13, 3, 81, 'Satisfatório'),
(780, 472, 5, 58, 4, 12, 4, 75, 'Satisfatório'),
(781, 465, 5, 58, 4, 13, 3, 81, 'Satisfatório'),
(782, 486, 5, 58, 4, 0, 16, 0, 'Insatisfatório'),
(783, 870, 5, 88, 6, 10, 6, 62, 'Regular'),
(784, 876, 5, 88, 6, 16, 0, 100, 'Plenamente Satisfatório'),
(785, 867, 5, 88, 6, 12, 4, 75, 'Satisfatório'),
(786, 488, 5, 58, 4, 0, 16, 0, 'Insatisfatório'),
(787, 881, 5, 88, 6, 10, 6, 62, 'Regular'),
(788, 880, 5, 88, 6, 12, 4, 75, 'Satisfatório'),
(789, 884, 5, 89, 6, 13, 3, 81, 'Satisfatório'),
(790, 887, 5, 89, 6, 7, 9, 43, 'Insatisfatório'),
(791, 871, 5, 88, 6, 12, 4, 75, 'Satisfatório'),
(792, 893, 5, 89, 6, 7, 9, 43, 'Insatisfatório'),
(793, 877, 5, 88, 6, 12, 4, 75, 'Satisfatório'),
(794, 894, 5, 89, 6, 14, 2, 87, 'Satisfatório'),
(795, 878, 5, 88, 6, 14, 2, 87, 'Satisfatório'),
(796, 886, 5, 89, 6, 14, 2, 87, 'Satisfatório'),
(797, 873, 5, 88, 6, 14, 2, 87, 'Satisfatório'),
(798, 890, 5, 89, 6, 13, 3, 81, 'Satisfatório'),
(799, 872, 5, 88, 6, 12, 4, 75, 'Satisfatório'),
(800, 866, 5, 88, 6, 13, 3, 81, 'Satisfatório'),
(801, 898, 5, 89, 6, 15, 1, 93, 'Plenamente Satisfatório'),
(802, 868, 5, 88, 6, 12, 4, 75, 'Satisfatório'),
(803, 879, 5, 88, 6, 15, 1, 93, 'Plenamente Satisfatório'),
(804, 888, 5, 89, 6, 7, 9, 43, 'Insatisfatório'),
(805, 865, 5, 88, 6, 16, 0, 100, 'Plenamente Satisfatório'),
(806, 889, 5, 89, 6, 7, 9, 43, 'Insatisfatório'),
(807, 874, 5, 88, 6, 13, 3, 81, 'Satisfatório'),
(808, 885, 5, 89, 6, 13, 3, 81, 'Satisfatório'),
(809, 869, 5, 88, 6, 13, 3, 81, 'Satisfatório'),
(810, 896, 5, 89, 6, 11, 5, 68, 'Regular'),
(811, 875, 5, 88, 6, 14, 2, 87, 'Satisfatório'),
(812, 892, 5, 89, 6, 4, 12, 25, 'Insatisfatório'),
(813, 895, 5, 89, 6, 13, 3, 81, 'Satisfatório'),
(814, 882, 5, 89, 6, 11, 5, 68, 'Regular'),
(815, 897, 5, 89, 6, 10, 6, 62, 'Regular'),
(816, 883, 5, 89, 6, 11, 5, 68, 'Regular'),
(817, 906, 5, 90, 6, 5, 11, 31, 'Insatisfatório'),
(818, 901, 5, 90, 6, 11, 5, 68, 'Regular'),
(819, 905, 5, 90, 6, 12, 4, 75, 'Satisfatório'),
(820, 913, 5, 90, 6, 12, 4, 75, 'Satisfatório'),
(821, 908, 5, 90, 6, 14, 2, 87, 'Satisfatório'),
(822, 912, 5, 90, 6, 11, 5, 68, 'Regular'),
(823, 900, 5, 90, 6, 15, 1, 93, 'Plenamente Satisfatório'),
(824, 911, 5, 90, 6, 2, 14, 12, 'Insatisfatório'),
(825, 904, 5, 90, 6, 5, 11, 31, 'Insatisfatório'),
(826, 907, 5, 90, 6, 6, 10, 37, 'Insatisfatório'),
(827, 910, 5, 90, 6, 10, 6, 62, 'Regular'),
(828, 909, 5, 90, 6, 9, 7, 56, 'Regular'),
(829, 899, 5, 90, 6, 9, 7, 56, 'Regular'),
(830, 903, 5, 90, 6, 8, 8, 50, 'Regular'),
(831, 902, 5, 90, 6, 7, 9, 43, 'Insatisfatório'),
(832, 914, 5, 90, 6, 8, 8, 50, 'Regular'),
(833, 623, 3, 67, 5, 15, 1, 93, 'Plenamente Satisfatório'),
(834, 624, 3, 67, 5, 13, 3, 81, 'Satisfatório'),
(835, 622, 3, 67, 5, 11, 5, 68, 'Regular'),
(836, 619, 3, 67, 5, 9, 7, 56, 'Regular'),
(837, 620, 3, 67, 5, 12, 4, 75, 'Satisfatório'),
(838, 621, 3, 67, 5, 7, 9, 43, 'Insatisfatório'),
(839, 572, 2, 64, 5, 15, 1, 93, 'Plenamente Satisfatório'),
(840, 571, 2, 64, 5, 12, 4, 75, 'Satisfatório'),
(841, 577, 2, 64, 5, 16, 0, 100, 'Plenamente Satisfatório'),
(842, 576, 2, 64, 5, 16, 0, 100, 'Plenamente Satisfatório'),
(843, 570, 2, 64, 5, 14, 2, 87, 'Satisfatório'),
(844, 569, 2, 64, 5, 7, 9, 43, 'Insatisfatório'),
(845, 568, 2, 64, 5, 8, 8, 50, 'Regular'),
(846, 567, 2, 64, 5, 4, 12, 25, 'Insatisfatório'),
(847, 566, 2, 64, 5, 13, 3, 81, 'Satisfatório'),
(848, 564, 2, 64, 5, 10, 6, 62, 'Regular'),
(849, 565, 2, 64, 5, 12, 4, 75, 'Satisfatório'),
(850, 583, 2, 65, 5, 10, 6, 62, 'Regular'),
(851, 585, 2, 65, 5, 13, 3, 81, 'Satisfatório'),
(852, 586, 2, 65, 5, 15, 1, 93, 'Plenamente Satisfatório'),
(853, 587, 2, 65, 5, 15, 1, 93, 'Plenamente Satisfatório'),
(854, 582, 2, 65, 5, 9, 7, 56, 'Regular'),
(855, 588, 2, 65, 5, 9, 7, 56, 'Regular'),
(856, 591, 2, 65, 5, 13, 3, 81, 'Satisfatório'),
(857, 581, 2, 65, 5, 14, 2, 87, 'Satisfatório'),
(858, 592, 2, 65, 5, 13, 3, 81, 'Satisfatório'),
(859, 593, 2, 65, 5, 6, 10, 37, 'Insatisfatório'),
(860, 594, 2, 65, 5, 7, 9, 43, 'Insatisfatório'),
(861, 595, 2, 65, 5, 12, 4, 75, 'Satisfatório'),
(862, 590, 2, 65, 5, 13, 3, 81, 'Satisfatório'),
(863, 596, 2, 65, 5, 7, 9, 43, 'Insatisfatório'),
(864, 598, 2, 65, 5, 14, 2, 87, 'Satisfatório'),
(865, 589, 2, 65, 5, 11, 5, 68, 'Regular'),
(866, 597, 2, 65, 5, 13, 3, 81, 'Satisfatório'),
(867, 615, 3, 67, 5, 15, 1, 93, 'Plenamente Satisfatório'),
(868, 605, 3, 67, 5, 13, 3, 81, 'Satisfatório'),
(869, 612, 3, 67, 5, 14, 2, 87, 'Satisfatório'),
(870, 625, 4, 70, 5, 4, 12, 25, 'Insatisfatório'),
(871, 626, 4, 70, 5, 8, 8, 50, 'Regular'),
(872, 627, 4, 70, 5, 6, 10, 37, 'Insatisfatório'),
(873, 628, 4, 70, 5, 13, 3, 81, 'Satisfatório'),
(874, 629, 4, 70, 5, 12, 4, 75, 'Satisfatório'),
(875, 630, 4, 70, 5, 10, 6, 62, 'Regular'),
(876, 631, 4, 70, 5, 8, 8, 50, 'Regular'),
(877, 632, 4, 70, 5, 5, 11, 31, 'Insatisfatório'),
(878, 645, 4, 70, 5, 9, 7, 56, 'Regular'),
(879, 633, 4, 70, 5, 9, 7, 56, 'Regular'),
(880, 634, 4, 70, 5, 7, 9, 43, 'Insatisfatório'),
(881, 635, 4, 70, 5, 14, 2, 87, 'Satisfatório'),
(882, 636, 4, 70, 5, 9, 7, 56, 'Regular'),
(883, 637, 4, 70, 5, 5, 11, 31, 'Insatisfatório'),
(884, 638, 4, 70, 5, 11, 5, 68, 'Regular'),
(885, 640, 4, 70, 5, 14, 2, 87, 'Satisfatório'),
(886, 643, 4, 70, 5, 10, 6, 62, 'Regular'),
(887, 1195, 5, 61, 5, 5, 11, 31, 'Insatisfatório'),
(888, 1048, 2, 20, 2, 12, 4, 75, 'Satisfatório'),
(889, 1046, 2, 20, 2, 9, 7, 56, 'Regular'),
(890, 1045, 2, 20, 2, 5, 11, 31, 'Insatisfatório'),
(891, 1051, 2, 20, 2, 11, 5, 68, 'Regular'),
(892, 1050, 2, 20, 2, 9, 7, 56, 'Regular'),
(893, 1053, 2, 20, 2, 12, 4, 75, 'Satisfatório'),
(894, 1049, 2, 20, 2, 13, 3, 81, 'Satisfatório'),
(895, 1052, 2, 20, 2, 10, 6, 62, 'Regular'),
(896, 1044, 2, 20, 2, 7, 9, 43, 'Insatisfatório'),
(897, 1047, 2, 20, 2, 1, 15, 6, 'Insatisfatório'),
(898, 1013, 3, 98, 7, 11, 5, 68, 'Regular'),
(899, 1015, 3, 98, 7, 9, 7, 56, 'Regular'),
(900, 1024, 3, 98, 7, 12, 4, 75, 'Satisfatório'),
(901, 1021, 3, 98, 7, 14, 2, 87, 'Satisfatório'),
(902, 1022, 3, 98, 7, 10, 6, 62, 'Regular'),
(903, 1017, 3, 98, 7, 13, 3, 81, 'Satisfatório'),
(904, 1019, 3, 98, 7, 11, 5, 68, 'Regular'),
(905, 1020, 3, 98, 7, 13, 3, 81, 'Satisfatório'),
(906, 1025, 3, 98, 7, 12, 4, 75, 'Satisfatório'),
(907, 1014, 3, 98, 7, 13, 3, 81, 'Satisfatório'),
(908, 1016, 3, 98, 7, 7, 9, 43, 'Insatisfatório'),
(909, 1012, 3, 98, 7, 8, 8, 50, 'Regular'),
(910, 1026, 3, 98, 7, 12, 4, 75, 'Satisfatório'),
(911, 1142, 4, 100, 7, 5, 11, 31, 'Insatisfatório'),
(912, 1151, 4, 100, 7, 5, 11, 31, 'Insatisfatório'),
(913, 1131, 4, 100, 7, 4, 12, 25, 'Insatisfatório'),
(914, 1147, 4, 100, 7, 6, 10, 37, 'Insatisfatório'),
(915, 1145, 4, 100, 7, 12, 4, 75, 'Satisfatório'),
(916, 1133, 4, 100, 7, 2, 14, 12, 'Insatisfatório'),
(917, 1138, 4, 100, 7, 12, 4, 75, 'Satisfatório'),
(918, 1137, 4, 100, 7, 2, 14, 12, 'Insatisfatório'),
(919, 1124, 4, 100, 7, 2, 14, 12, 'Insatisfatório'),
(920, 1143, 4, 100, 7, 4, 12, 25, 'Insatisfatório'),
(921, 1134, 4, 100, 7, 2, 14, 12, 'Insatisfatório'),
(922, 1127, 4, 100, 7, 5, 11, 31, 'Insatisfatório'),
(923, 1136, 4, 100, 7, 11, 5, 68, 'Regular'),
(924, 1135, 4, 100, 7, 7, 9, 43, 'Insatisfatório'),
(925, 1130, 4, 100, 7, 3, 13, 18, 'Insatisfatório'),
(926, 1132, 4, 100, 7, 12, 4, 75, 'Satisfatório'),
(927, 1139, 4, 100, 7, 5, 11, 31, 'Insatisfatório'),
(928, 1125, 4, 100, 7, 10, 6, 62, 'Regular'),
(929, 1141, 4, 100, 7, 9, 7, 56, 'Regular'),
(930, 1149, 4, 100, 7, 2, 14, 12, 'Insatisfatório'),
(931, 1144, 4, 100, 7, 9, 7, 56, 'Regular'),
(932, 1128, 4, 100, 7, 5, 11, 31, 'Insatisfatório'),
(933, 1126, 4, 100, 7, 14, 2, 87, 'Satisfatório'),
(934, 1123, 4, 100, 7, 3, 13, 18, 'Insatisfatório'),
(935, 1129, 4, 100, 7, 10, 6, 62, 'Regular'),
(936, 1146, 4, 100, 7, 5, 11, 31, 'Insatisfatório'),
(937, 1148, 4, 100, 7, 4, 12, 25, 'Insatisfatório'),
(938, 1150, 4, 100, 7, 11, 5, 68, 'Regular'),
(939, 1140, 4, 100, 7, 7, 9, 43, 'Insatisfatório'),
(940, 279, 1, 48, 4, 6, 10, 37, 'Insatisfatório'),
(941, 1056, 1, 1, 1, 6, 10, 37, 'Insatisfatório'),
(942, 1064, 1, 1, 1, 11, 5, 68, 'Regular'),
(943, 1057, 1, 1, 1, 13, 3, 81, 'Satisfatório'),
(944, 1054, 1, 1, 1, 13, 3, 81, 'Satisfatório'),
(945, 1055, 1, 1, 1, 10, 6, 62, 'Regular'),
(946, 1058, 1, 1, 1, 13, 3, 81, 'Satisfatório'),
(947, 1060, 1, 1, 1, 13, 3, 81, 'Satisfatório'),
(948, 1061, 1, 1, 1, 5, 11, 31, 'Insatisfatório'),
(949, 1062, 1, 1, 1, 11, 5, 68, 'Regular'),
(950, 1063, 1, 1, 1, 14, 2, 87, 'Satisfatório'),
(951, 1059, 1, 1, 1, 13, 3, 81, 'Satisfatório'),
(952, 1197, 1, 62, 5, 5, 11, 31, 'Insatisfatório'),
(953, 1122, 2, 51, 4, 12, 4, 75, 'Satisfatório'),
(954, 323, 2, 51, 4, 7, 9, 43, 'Insatisfatório'),
(955, 573, 2, 64, 5, 9, 7, 56, 'Regular'),
(956, 574, 2, 64, 5, 9, 7, 56, 'Regular'),
(957, 575, 2, 64, 5, 16, 0, 100, 'Plenamente Satisfatório'),
(958, 580, 2, 64, 5, 11, 5, 68, 'Regular'),
(959, 578, 2, 64, 5, 9, 7, 56, 'Regular'),
(960, 1065, 2, 4, 1, 15, 1, 93, 'Plenamente Satisfatório'),
(961, 1066, 2, 4, 1, 14, 2, 87, 'Satisfatório'),
(962, 1067, 2, 4, 1, 16, 0, 100, 'Plenamente Satisfatório'),
(963, 1068, 2, 4, 1, 10, 6, 62, 'Regular'),
(964, 1069, 2, 4, 1, 14, 2, 87, 'Satisfatório'),
(965, 1070, 2, 4, 1, 14, 2, 87, 'Satisfatório'),
(966, 1071, 2, 4, 1, 13, 3, 81, 'Satisfatório'),
(967, 1072, 2, 4, 1, 15, 1, 93, 'Plenamente Satisfatório'),
(968, 1096, 2, 34, 3, 16, 0, 100, 'Plenamente Satisfatório'),
(969, 1097, 2, 34, 3, 6, 10, 37, 'Insatisfatório'),
(970, 1098, 2, 34, 3, 15, 1, 93, 'Plenamente Satisfatório'),
(971, 1099, 2, 34, 3, 14, 2, 87, 'Satisfatório'),
(972, 1100, 2, 34, 3, 12, 4, 75, 'Satisfatório'),
(973, 1101, 2, 34, 3, 14, 2, 87, 'Satisfatório'),
(974, 1102, 2, 34, 3, 15, 1, 93, 'Plenamente Satisfatório'),
(975, 1103, 2, 34, 3, 13, 3, 81, 'Satisfatório'),
(976, 1104, 2, 34, 3, 3, 13, 18, 'Insatisfatório'),
(977, 1105, 2, 34, 3, 14, 2, 87, 'Satisfatório'),
(978, 1106, 2, 34, 3, 9, 7, 56, 'Regular'),
(979, 1107, 2, 34, 3, 8, 8, 50, 'Regular'),
(980, 1108, 2, 34, 3, 16, 0, 100, 'Plenamente Satisfatório'),
(981, 1109, 2, 34, 3, 13, 3, 81, 'Satisfatório'),
(982, 1110, 2, 34, 3, 9, 7, 56, 'Regular'),
(983, 1111, 2, 34, 3, 6, 10, 37, 'Insatisfatório'),
(984, 1112, 2, 34, 3, 11, 5, 68, 'Regular'),
(985, 1113, 2, 34, 3, 4, 12, 25, 'Insatisfatório'),
(986, 1114, 2, 34, 3, 14, 2, 87, 'Satisfatório'),
(987, 613, 3, 67, 5, 11, 5, 68, 'Regular'),
(988, 616, 3, 67, 5, 14, 2, 87, 'Satisfatório'),
(989, 614, 3, 67, 5, 2, 14, 12, 'Insatisfatório'),
(990, 617, 3, 67, 5, 12, 4, 75, 'Satisfatório'),
(991, 618, 3, 67, 5, 12, 4, 75, 'Satisfatório'),
(992, 1073, 3, 7, 1, 5, 11, 31, 'Insatisfatório'),
(993, 1074, 3, 7, 1, 10, 6, 62, 'Regular'),
(994, 1075, 3, 7, 1, 10, 6, 62, 'Regular'),
(995, 1076, 3, 7, 1, 16, 0, 100, 'Plenamente Satisfatório'),
(996, 1077, 3, 7, 1, 12, 4, 75, 'Satisfatório'),
(997, 1078, 3, 7, 1, 15, 1, 93, 'Plenamente Satisfatório'),
(998, 1079, 3, 7, 1, 14, 2, 87, 'Satisfatório'),
(999, 1080, 3, 7, 1, 15, 1, 93, 'Plenamente Satisfatório'),
(1000, 1081, 3, 7, 1, 8, 8, 50, 'Regular'),
(1001, 1082, 3, 7, 1, 16, 0, 100, 'Plenamente Satisfatório'),
(1002, 1115, 3, 38, 3, 14, 2, 87, 'Satisfatório'),
(1003, 1116, 3, 38, 3, 9, 7, 56, 'Regular'),
(1004, 1117, 3, 38, 3, 9, 7, 56, 'Regular'),
(1005, 1118, 3, 38, 3, 10, 6, 62, 'Regular'),
(1006, 1119, 3, 38, 3, 13, 3, 81, 'Satisfatório'),
(1007, 1120, 3, 38, 3, 9, 7, 56, 'Regular'),
(1008, 1121, 3, 38, 3, 5, 11, 31, 'Insatisfatório'),
(1009, 449, 4, 57, 4, 4, 12, 25, 'Insatisfatório'),
(1010, 451, 4, 57, 4, 3, 13, 18, 'Insatisfatório'),
(1011, 454, 4, 57, 4, 2, 14, 12, 'Insatisfatório'),
(1012, 462, 4, 57, 4, 1, 15, 6, 'Insatisfatório'),
(1013, 646, 4, 71, 5, 10, 6, 62, 'Regular'),
(1014, 647, 4, 71, 5, 4, 12, 25, 'Insatisfatório'),
(1015, 648, 4, 71, 5, 9, 7, 56, 'Regular'),
(1016, 649, 4, 71, 5, 6, 10, 37, 'Insatisfatório'),
(1017, 650, 4, 71, 5, 12, 4, 75, 'Satisfatório'),
(1018, 651, 4, 71, 5, 10, 6, 62, 'Regular'),
(1019, 652, 4, 71, 5, 11, 5, 68, 'Regular'),
(1020, 653, 4, 71, 5, 9, 7, 56, 'Regular'),
(1021, 654, 4, 71, 5, 9, 7, 56, 'Regular'),
(1022, 655, 4, 71, 5, 8, 8, 50, 'Regular'),
(1023, 656, 4, 71, 5, 4, 12, 25, 'Insatisfatório'),
(1024, 657, 4, 71, 5, 12, 4, 75, 'Satisfatório'),
(1025, 658, 4, 71, 5, 11, 5, 68, 'Regular'),
(1026, 659, 4, 71, 5, 13, 3, 81, 'Satisfatório'),
(1027, 1083, 4, 10, 1, 2, 14, 12, 'Insatisfatório'),
(1028, 1084, 4, 10, 1, 8, 8, 50, 'Regular'),
(1029, 1085, 4, 10, 1, 14, 2, 87, 'Satisfatório'),
(1030, 1086, 4, 10, 1, 11, 5, 68, 'Regular'),
(1031, 1087, 4, 10, 1, 7, 9, 43, 'Insatisfatório'),
(1032, 660, 4, 71, 5, 9, 7, 56, 'Regular'),
(1033, 1088, 4, 10, 1, 3, 13, 18, 'Insatisfatório'),
(1034, 1089, 4, 10, 1, 2, 14, 12, 'Insatisfatório'),
(1035, 1090, 4, 10, 1, 13, 3, 81, 'Satisfatório'),
(1036, 661, 4, 71, 5, 13, 3, 81, 'Satisfatório'),
(1037, 1091, 4, 10, 1, 11, 5, 68, 'Regular'),
(1038, 1092, 4, 10, 1, 13, 3, 81, 'Satisfatório'),
(1039, 1093, 4, 10, 1, 3, 13, 18, 'Insatisfatório'),
(1040, 1094, 4, 10, 1, 10, 6, 62, 'Regular'),
(1041, 1095, 4, 10, 1, 13, 3, 81, 'Satisfatório'),
(1042, 662, 4, 71, 5, 12, 4, 75, 'Satisfatório'),
(1043, 663, 4, 71, 5, 13, 3, 81, 'Satisfatório'),
(1044, 664, 4, 71, 5, 4, 12, 25, 'Insatisfatório'),
(1045, 678, 5, 73, 5, 12, 4, 75, 'Satisfatório'),
(1046, 677, 5, 73, 5, 9, 7, 56, 'Regular'),
(1047, 679, 5, 73, 5, 12, 4, 75, 'Satisfatório'),
(1048, 680, 5, 73, 5, 8, 8, 50, 'Regular'),
(1049, 681, 5, 73, 5, 10, 6, 62, 'Regular'),
(1050, 682, 5, 73, 5, 15, 1, 93, 'Plenamente Satisfatório'),
(1051, 683, 5, 73, 5, 16, 0, 100, 'Plenamente Satisfatório');
INSERT INTO `Resultado_lp` (`idResultado`, `idAluno`, `idDisciplina`, `idClasse`, `idEscola`, `acertos`, `erros`, `pontuacaoAluno`, `classificacao`) VALUES
(1052, 684, 5, 73, 5, 10, 6, 62, 'Regular'),
(1053, 686, 5, 73, 5, 4, 12, 25, 'Insatisfatório'),
(1054, 690, 5, 73, 5, 7, 9, 43, 'Insatisfatório'),
(1055, 691, 5, 73, 5, 5, 11, 31, 'Insatisfatório'),
(1056, 1038, 1, 17, 2, 4, 12, 25, 'Insatisfatório'),
(1057, 1035, 1, 17, 2, 7, 9, 43, 'Insatisfatório'),
(1058, 1042, 1, 17, 2, 4, 12, 25, 'Insatisfatório'),
(1059, 1041, 1, 17, 2, 7, 9, 43, 'Insatisfatório'),
(1060, 1040, 1, 17, 2, 8, 8, 50, 'Regular'),
(1061, 1039, 1, 17, 2, 8, 8, 50, 'Regular'),
(1062, 1036, 1, 17, 2, 3, 13, 18, 'Insatisfatório'),
(1063, 1037, 1, 17, 2, 3, 13, 18, 'Insatisfatório'),
(1064, 21, 1, 16, 2, 4, 12, 25, 'Insatisfatório'),
(1065, 20, 1, 16, 2, 8, 8, 50, 'Regular'),
(1066, 29, 1, 16, 2, 6, 10, 37, 'Insatisfatório'),
(1067, 27, 1, 16, 2, 11, 5, 68, 'Regular'),
(1068, 18, 1, 16, 2, 5, 11, 31, 'Insatisfatório'),
(1069, 31, 1, 16, 2, 8, 8, 50, 'Regular'),
(1070, 25, 1, 16, 2, 12, 4, 75, 'Satisfatório'),
(1071, 35, 1, 16, 2, 5, 11, 31, 'Insatisfatório'),
(1072, 30, 1, 16, 2, 5, 11, 31, 'Insatisfatório'),
(1073, 33, 1, 16, 2, 9, 7, 56, 'Regular'),
(1074, 22, 1, 16, 2, 9, 7, 56, 'Regular'),
(1075, 19, 1, 16, 2, 9, 7, 56, 'Regular'),
(1076, 32, 1, 16, 2, 13, 3, 81, 'Satisfatório'),
(1077, 28, 1, 16, 2, 12, 4, 75, 'Satisfatório'),
(1078, 24, 1, 16, 2, 12, 4, 75, 'Satisfatório'),
(1079, 26, 1, 16, 2, 12, 4, 75, 'Satisfatório'),
(1080, 23, 1, 16, 2, 3, 13, 18, 'Insatisfatório'),
(1081, 36, 1, 16, 2, 8, 8, 50, 'Regular'),
(1082, 34, 1, 16, 2, 6, 10, 37, 'Insatisfatório'),
(1083, 932, 1, 91, 7, 8, 8, 50, 'Regular'),
(1084, 920, 1, 91, 7, 13, 3, 81, 'Satisfatório'),
(1085, 916, 1, 91, 7, 9, 7, 56, 'Regular'),
(1086, 921, 1, 91, 7, 6, 10, 37, 'Insatisfatório'),
(1087, 939, 1, 91, 7, 4, 12, 25, 'Insatisfatório'),
(1088, 915, 1, 91, 7, 6, 10, 37, 'Insatisfatório'),
(1089, 918, 1, 91, 7, 9, 7, 56, 'Regular'),
(1090, 938, 1, 91, 7, 7, 9, 43, 'Insatisfatório'),
(1091, 917, 1, 91, 7, 3, 13, 18, 'Insatisfatório'),
(1092, 919, 1, 91, 7, 7, 9, 43, 'Insatisfatório'),
(1093, 933, 1, 91, 7, 8, 8, 50, 'Regular'),
(1094, 924, 1, 91, 7, 11, 5, 68, 'Regular'),
(1095, 922, 1, 91, 7, 11, 5, 68, 'Regular'),
(1096, 931, 1, 91, 7, 8, 8, 50, 'Regular'),
(1097, 929, 1, 91, 7, 12, 4, 75, 'Satisfatório'),
(1098, 927, 1, 91, 7, 12, 4, 75, 'Satisfatório'),
(1099, 928, 1, 91, 7, 15, 1, 93, 'Plenamente Satisfatório'),
(1100, 935, 1, 91, 7, 9, 7, 56, 'Regular'),
(1101, 926, 1, 91, 7, 9, 7, 56, 'Regular'),
(1102, 930, 1, 91, 7, 7, 9, 43, 'Insatisfatório'),
(1103, 936, 1, 91, 7, 13, 3, 81, 'Satisfatório'),
(1104, 925, 1, 91, 7, 10, 6, 62, 'Regular'),
(1105, 937, 1, 91, 7, 4, 12, 25, 'Insatisfatório'),
(1106, 934, 1, 91, 7, 12, 4, 75, 'Satisfatório'),
(1107, 923, 1, 91, 7, 1, 15, 6, 'Insatisfatório'),
(1108, 943, 1, 92, 7, 10, 6, 62, 'Regular'),
(1109, 952, 1, 92, 7, 6, 10, 37, 'Insatisfatório'),
(1110, 950, 1, 92, 7, 8, 8, 50, 'Regular'),
(1111, 956, 1, 92, 7, 12, 4, 75, 'Satisfatório'),
(1112, 951, 1, 92, 7, 14, 2, 87, 'Satisfatório'),
(1113, 946, 1, 92, 7, 5, 11, 31, 'Insatisfatório'),
(1114, 949, 1, 92, 7, 7, 9, 43, 'Insatisfatório'),
(1115, 941, 1, 92, 7, 11, 5, 68, 'Regular'),
(1116, 948, 1, 92, 7, 11, 5, 68, 'Regular'),
(1117, 945, 1, 92, 7, 12, 4, 75, 'Satisfatório'),
(1118, 942, 1, 92, 7, 11, 5, 68, 'Regular'),
(1119, 953, 1, 92, 7, 9, 7, 56, 'Regular'),
(1120, 954, 1, 92, 7, 7, 9, 43, 'Insatisfatório'),
(1121, 940, 1, 92, 7, 9, 7, 56, 'Regular'),
(1122, 955, 1, 92, 7, 13, 3, 81, 'Satisfatório'),
(1123, 947, 1, 92, 7, 7, 9, 43, 'Insatisfatório'),
(1124, 971, 2, 94, 7, 10, 6, 62, 'Regular'),
(1125, 983, 2, 95, 7, 12, 4, 75, 'Satisfatório'),
(1126, 584, 2, 65, 5, 11, 5, 68, 'Regular'),
(1127, 1018, 3, 98, 7, 14, 2, 87, 'Satisfatório'),
(1128, 1023, 3, 98, 7, 14, 2, 87, 'Satisfatório'),
(1129, 1213, 3, 22, 2, 11, 5, 68, 'Regular'),
(1130, 1198, 3, 22, 2, 12, 4, 75, 'Satisfatório'),
(1131, 1199, 3, 22, 2, 14, 2, 87, 'Satisfatório'),
(1132, 1201, 3, 22, 2, 12, 4, 75, 'Satisfatório'),
(1133, 1202, 3, 22, 2, 10, 6, 62, 'Regular'),
(1134, 1200, 3, 22, 2, 8, 8, 50, 'Regular'),
(1135, 1203, 3, 22, 2, 11, 5, 68, 'Regular'),
(1136, 1204, 3, 22, 2, 11, 5, 68, 'Regular'),
(1137, 1206, 3, 22, 2, 7, 9, 43, 'Insatisfatório'),
(1138, 1214, 3, 22, 2, 6, 10, 37, 'Insatisfatório'),
(1139, 1212, 3, 22, 2, 6, 10, 37, 'Insatisfatório'),
(1140, 1209, 3, 22, 2, 14, 2, 87, 'Satisfatório'),
(1141, 1211, 3, 22, 2, 13, 3, 81, 'Satisfatório'),
(1142, 1217, 3, 22, 2, 10, 6, 62, 'Regular'),
(1143, 1216, 3, 22, 2, 10, 6, 62, 'Regular'),
(1144, 1208, 3, 22, 2, 3, 13, 18, 'Insatisfatório'),
(1145, 1215, 3, 22, 2, 11, 5, 68, 'Regular'),
(1146, 1231, 4, 25, 2, 3, 13, 18, 'Insatisfatório'),
(1147, 1224, 4, 25, 2, 2, 14, 12, 'Insatisfatório'),
(1148, 1237, 4, 25, 2, 5, 11, 31, 'Insatisfatório'),
(1149, 1240, 4, 25, 2, 5, 11, 31, 'Insatisfatório'),
(1150, 1225, 4, 25, 2, 2, 14, 12, 'Insatisfatório'),
(1151, 1219, 4, 25, 2, 14, 2, 87, 'Satisfatório'),
(1152, 1221, 4, 25, 2, 11, 5, 68, 'Regular'),
(1153, 1218, 4, 25, 2, 10, 6, 62, 'Regular'),
(1154, 1220, 4, 25, 2, 9, 7, 56, 'Regular'),
(1155, 1223, 4, 25, 2, 9, 7, 56, 'Regular'),
(1156, 1222, 4, 25, 2, 10, 6, 62, 'Regular'),
(1157, 1226, 4, 25, 2, 14, 2, 87, 'Satisfatório'),
(1158, 1234, 4, 25, 2, 10, 6, 62, 'Regular'),
(1159, 1236, 4, 25, 2, 11, 5, 68, 'Regular'),
(1160, 1238, 4, 25, 2, 14, 2, 87, 'Satisfatório'),
(1161, 1239, 4, 25, 2, 15, 1, 93, 'Plenamente Satisfatório'),
(1162, 1233, 4, 25, 2, 8, 8, 50, 'Regular'),
(1163, 1229, 4, 25, 2, 14, 2, 87, 'Satisfatório'),
(1164, 1228, 4, 25, 2, 13, 3, 81, 'Satisfatório'),
(1165, 1241, 4, 25, 2, 14, 2, 87, 'Satisfatório'),
(1166, 1232, 4, 25, 2, 6, 10, 37, 'Insatisfatório'),
(1167, 1227, 4, 25, 2, 6, 10, 37, 'Insatisfatório'),
(1168, 1235, 4, 25, 2, 13, 3, 81, 'Satisfatório'),
(1169, 639, 4, 70, 5, 11, 5, 68, 'Regular'),
(1170, 642, 4, 70, 5, 14, 2, 87, 'Satisfatório'),
(1171, 1158, 5, 103, 7, 9, 7, 56, 'Regular'),
(1172, 1169, 5, 103, 7, 16, 0, 100, 'Plenamente Satisfatório'),
(1173, 1170, 5, 103, 7, 16, 0, 100, 'Plenamente Satisfatório'),
(1174, 1171, 5, 103, 7, 15, 1, 93, 'Plenamente Satisfatório'),
(1175, 1172, 5, 103, 7, 15, 1, 93, 'Plenamente Satisfatório'),
(1176, 1152, 5, 103, 7, 16, 0, 100, 'Plenamente Satisfatório'),
(1177, 1153, 5, 103, 7, 16, 0, 100, 'Plenamente Satisfatório'),
(1178, 1155, 5, 103, 7, 10, 6, 62, 'Regular'),
(1179, 1156, 5, 103, 7, 15, 1, 93, 'Plenamente Satisfatório'),
(1180, 1157, 5, 103, 7, 15, 1, 93, 'Plenamente Satisfatório'),
(1181, 1159, 5, 103, 7, 15, 1, 93, 'Plenamente Satisfatório'),
(1182, 1160, 5, 103, 7, 16, 0, 100, 'Plenamente Satisfatório'),
(1183, 1161, 5, 103, 7, 15, 1, 93, 'Plenamente Satisfatório'),
(1184, 1162, 5, 103, 7, 16, 0, 100, 'Plenamente Satisfatório'),
(1185, 1163, 5, 103, 7, 13, 3, 81, 'Satisfatório'),
(1186, 1164, 5, 103, 7, 12, 4, 75, 'Satisfatório'),
(1187, 1173, 5, 103, 7, 7, 9, 43, 'Insatisfatório'),
(1188, 1174, 5, 103, 7, 14, 2, 87, 'Satisfatório'),
(1189, 1167, 5, 103, 7, 14, 2, 87, 'Satisfatório'),
(1190, 1166, 5, 103, 7, 16, 0, 100, 'Plenamente Satisfatório'),
(1191, 1165, 5, 103, 7, 12, 4, 75, 'Satisfatório'),
(1192, 1175, 5, 104, 7, 7, 9, 43, 'Insatisfatório'),
(1193, 1186, 5, 104, 7, 11, 5, 68, 'Regular'),
(1194, 1185, 5, 104, 7, 3, 13, 18, 'Insatisfatório'),
(1195, 1190, 5, 104, 7, 10, 6, 62, 'Regular'),
(1196, 1192, 5, 104, 7, 5, 11, 31, 'Insatisfatório'),
(1197, 1181, 5, 104, 7, 14, 2, 87, 'Satisfatório'),
(1198, 1176, 5, 104, 7, 15, 1, 93, 'Plenamente Satisfatório'),
(1199, 1178, 5, 104, 7, 8, 8, 50, 'Regular'),
(1200, 1177, 5, 104, 7, 16, 0, 100, 'Plenamente Satisfatório'),
(1201, 1179, 5, 104, 7, 14, 2, 87, 'Satisfatório'),
(1202, 1180, 5, 104, 7, 14, 2, 87, 'Satisfatório'),
(1203, 1182, 5, 104, 7, 14, 2, 87, 'Satisfatório'),
(1204, 1183, 5, 104, 7, 15, 1, 93, 'Plenamente Satisfatório'),
(1205, 1184, 5, 104, 7, 15, 1, 93, 'Plenamente Satisfatório'),
(1206, 1187, 5, 104, 7, 12, 4, 75, 'Satisfatório'),
(1207, 1188, 5, 104, 7, 15, 1, 93, 'Plenamente Satisfatório'),
(1208, 1189, 5, 104, 7, 11, 5, 68, 'Regular'),
(1209, 1191, 5, 104, 7, 14, 2, 87, 'Satisfatório'),
(1210, 1242, 5, 28, 2, 8, 8, 50, 'Regular'),
(1211, 1243, 5, 28, 2, 10, 6, 62, 'Regular'),
(1212, 1244, 5, 28, 2, 10, 6, 62, 'Regular'),
(1213, 1245, 5, 28, 2, 12, 4, 75, 'Satisfatório'),
(1214, 1246, 5, 28, 2, 15, 1, 93, 'Plenamente Satisfatório'),
(1215, 1247, 5, 28, 2, 8, 8, 50, 'Regular'),
(1216, 1249, 5, 28, 2, 14, 2, 87, 'Satisfatório'),
(1217, 1248, 5, 28, 2, 13, 3, 81, 'Satisfatório'),
(1218, 1251, 5, 28, 2, 5, 11, 31, 'Insatisfatório'),
(1219, 1250, 5, 28, 2, 8, 8, 50, 'Regular'),
(1220, 1252, 5, 28, 2, 14, 2, 87, 'Satisfatório'),
(1221, 1253, 5, 28, 2, 13, 3, 81, 'Satisfatório'),
(1222, 1254, 5, 28, 2, 11, 5, 68, 'Regular'),
(1223, 1257, 5, 28, 2, 11, 5, 68, 'Regular'),
(1224, 1255, 5, 28, 2, 9, 7, 56, 'Regular'),
(1225, 1256, 5, 28, 2, 16, 0, 100, 'Plenamente Satisfatório'),
(1226, 1258, 5, 28, 2, 11, 5, 68, 'Regular'),
(1227, 1259, 5, 28, 2, 14, 2, 87, 'Satisfatório'),
(1228, 1261, 5, 28, 2, 13, 3, 81, 'Satisfatório'),
(1229, 1262, 5, 28, 2, 8, 8, 50, 'Regular');

-- --------------------------------------------------------

--
-- Estrutura para tabela `Resultado_mat`
--

CREATE TABLE `Resultado_mat` (
  `idResultado` int(11) NOT NULL,
  `idAluno` int(11) NOT NULL,
  `idDisciplina` int(11) NOT NULL,
  `idClasse` int(11) NOT NULL,
  `idEscola` int(11) NOT NULL,
  `acertos` int(11) NOT NULL,
  `erros` int(11) NOT NULL,
  `pontuacaoAluno` int(11) NOT NULL,
  `classificacao` varchar(25) NOT NULL
) ENGINE=InnoDB DEFAULT CHARSET=utf8mb4 COLLATE=utf8mb4_general_ci;

--
-- Despejando dados para a tabela `Resultado_mat`
--

INSERT INTO `Resultado_mat` (`idResultado`, `idAluno`, `idDisciplina`, `idClasse`, `idEscola`, `acertos`, `erros`, `pontuacaoAluno`, `classificacao`) VALUES
(1, 209, 6, 46, 4, 16, 1, 94, 'Plenamente Satisfatório'),
(2, 54, 6, 1, 1, 17, 0, 99, 'Plenamente Satisfatório'),
(3, 55, 6, 1, 1, 15, 2, 88, 'Satisfatório'),
(4, 57, 6, 1, 1, 17, 0, 99, 'Plenamente Satisfatório'),
(5, 58, 6, 1, 1, 17, 0, 99, 'Plenamente Satisfatório'),
(6, 59, 6, 1, 1, 17, 0, 99, 'Plenamente Satisfatório'),
(7, 60, 6, 1, 1, 15, 2, 88, 'Satisfatório'),
(8, 61, 6, 1, 1, 12, 5, 70, 'Satisfatório'),
(9, 62, 6, 1, 1, 16, 1, 94, 'Plenamente Satisfatório'),
(10, 63, 6, 1, 1, 15, 2, 88, 'Satisfatório'),
(11, 257, 6, 48, 4, 11, 6, 64, 'Regular'),
(12, 256, 6, 48, 4, 16, 1, 94, 'Plenamente Satisfatório'),
(13, 258, 6, 48, 4, 12, 5, 70, 'Satisfatório'),
(14, 259, 6, 48, 4, 16, 1, 94, 'Plenamente Satisfatório'),
(15, 260, 6, 48, 4, 15, 2, 88, 'Satisfatório'),
(16, 261, 6, 48, 4, 16, 1, 94, 'Plenamente Satisfatório'),
(17, 262, 6, 48, 4, 13, 4, 76, 'Satisfatório'),
(18, 263, 6, 48, 4, 12, 5, 70, 'Satisfatório'),
(19, 264, 6, 48, 4, 14, 3, 82, 'Satisfatório'),
(20, 953, 6, 92, 7, 12, 5, 70, 'Satisfatório'),
(21, 943, 6, 92, 7, 13, 4, 76, 'Satisfatório'),
(22, 946, 6, 92, 7, 10, 7, 58, 'Regular'),
(23, 947, 6, 92, 7, 12, 5, 70, 'Satisfatório'),
(24, 954, 6, 92, 7, 13, 4, 76, 'Satisfatório'),
(25, 942, 6, 92, 7, 15, 2, 88, 'Satisfatório'),
(26, 941, 6, 92, 7, 14, 3, 82, 'Satisfatório'),
(27, 950, 6, 92, 7, 14, 3, 82, 'Satisfatório'),
(28, 948, 6, 92, 7, 15, 2, 88, 'Satisfatório'),
(29, 952, 6, 92, 7, 10, 7, 58, 'Regular'),
(30, 949, 6, 92, 7, 8, 9, 47, 'Insatisfatório'),
(31, 956, 6, 92, 7, 16, 1, 94, 'Plenamente Satisfatório'),
(32, 945, 6, 92, 7, 15, 2, 88, 'Satisfatório'),
(33, 951, 6, 92, 7, 17, 0, 99, 'Plenamente Satisfatório'),
(34, 955, 6, 92, 7, 17, 0, 99, 'Plenamente Satisfatório'),
(35, 940, 6, 92, 7, 15, 2, 88, 'Satisfatório'),
(36, 28, 6, 16, 2, 9, 8, 52, 'Regular'),
(37, 25, 6, 16, 2, 13, 4, 76, 'Satisfatório'),
(38, 21, 6, 16, 2, 14, 3, 82, 'Satisfatório'),
(39, 1027, 6, 1, 1, 13, 4, 76, 'Satisfatório'),
(40, 1029, 6, 7, 1, 2, 15, 11, 'Insatisfatório'),
(41, 1028, 6, 1, 1, 8, 9, 47, 'Insatisfatório'),
(42, 116, 6, 31, 3, 16, 1, 94, 'Plenamente Satisfatório'),
(43, 117, 6, 31, 3, 15, 2, 88, 'Satisfatório'),
(44, 118, 6, 31, 3, 10, 7, 58, 'Regular'),
(45, 119, 6, 31, 3, 9, 8, 52, 'Regular'),
(46, 120, 6, 31, 3, 8, 9, 47, 'Insatisfatório'),
(47, 121, 6, 31, 3, 9, 8, 52, 'Regular'),
(48, 122, 6, 31, 3, 16, 1, 94, 'Plenamente Satisfatório'),
(49, 123, 6, 31, 3, 16, 1, 94, 'Plenamente Satisfatório'),
(50, 124, 6, 31, 3, 16, 1, 94, 'Plenamente Satisfatório'),
(51, 125, 6, 31, 3, 17, 0, 99, 'Plenamente Satisfatório'),
(52, 126, 6, 31, 3, 17, 0, 99, 'Plenamente Satisfatório'),
(53, 127, 6, 31, 3, 14, 3, 82, 'Satisfatório'),
(54, 128, 6, 31, 3, 15, 2, 88, 'Satisfatório'),
(55, 129, 6, 31, 3, 11, 6, 64, 'Regular'),
(56, 130, 6, 31, 3, 15, 2, 88, 'Satisfatório'),
(57, 131, 6, 31, 3, 13, 4, 76, 'Satisfatório'),
(58, 210, 6, 46, 4, 12, 5, 70, 'Satisfatório'),
(59, 231, 6, 46, 4, 15, 2, 88, 'Satisfatório'),
(60, 216, 6, 46, 4, 13, 4, 76, 'Satisfatório'),
(61, 221, 6, 46, 4, 13, 4, 76, 'Satisfatório'),
(62, 227, 6, 46, 4, 16, 1, 94, 'Plenamente Satisfatório'),
(63, 222, 6, 46, 4, 9, 8, 52, 'Regular'),
(64, 215, 6, 46, 4, 13, 4, 76, 'Satisfatório'),
(65, 225, 6, 46, 4, 15, 2, 88, 'Satisfatório'),
(66, 230, 6, 46, 4, 15, 2, 88, 'Satisfatório'),
(67, 211, 6, 46, 4, 15, 2, 88, 'Satisfatório'),
(68, 213, 6, 46, 4, 8, 9, 47, 'Insatisfatório'),
(69, 220, 6, 46, 4, 12, 5, 70, 'Satisfatório'),
(70, 218, 6, 46, 4, 13, 4, 76, 'Satisfatório'),
(71, 214, 6, 46, 4, 15, 2, 88, 'Satisfatório'),
(72, 217, 6, 46, 4, 16, 1, 94, 'Plenamente Satisfatório'),
(73, 226, 6, 46, 4, 13, 4, 76, 'Satisfatório'),
(74, 223, 6, 46, 4, 14, 3, 82, 'Satisfatório'),
(75, 229, 6, 46, 4, 15, 2, 88, 'Satisfatório'),
(76, 560, 6, 62, 5, 13, 4, 76, 'Satisfatório'),
(77, 561, 6, 62, 5, 16, 1, 94, 'Plenamente Satisfatório'),
(78, 546, 6, 62, 5, 17, 0, 99, 'Plenamente Satisfatório'),
(79, 547, 6, 62, 5, 17, 0, 99, 'Plenamente Satisfatório'),
(80, 548, 6, 62, 5, 16, 1, 94, 'Plenamente Satisfatório'),
(81, 545, 6, 62, 5, 16, 1, 94, 'Plenamente Satisfatório'),
(82, 549, 6, 62, 5, 14, 3, 82, 'Satisfatório'),
(83, 219, 6, 46, 4, 15, 2, 88, 'Satisfatório'),
(84, 562, 6, 62, 5, 15, 2, 88, 'Satisfatório'),
(85, 212, 6, 46, 4, 15, 2, 88, 'Satisfatório'),
(86, 554, 6, 62, 5, 10, 7, 58, 'Regular'),
(87, 527, 6, 61, 5, 14, 3, 82, 'Satisfatório'),
(88, 552, 6, 62, 5, 14, 3, 82, 'Satisfatório'),
(89, 228, 6, 46, 4, 16, 1, 94, 'Plenamente Satisfatório'),
(90, 550, 6, 62, 5, 9, 8, 52, 'Regular'),
(91, 528, 6, 61, 5, 11, 6, 64, 'Regular'),
(92, 556, 6, 62, 5, 16, 1, 94, 'Plenamente Satisfatório'),
(93, 232, 6, 46, 4, 13, 4, 76, 'Satisfatório'),
(94, 529, 6, 61, 5, 17, 0, 99, 'Plenamente Satisfatório'),
(95, 551, 6, 62, 5, 14, 3, 82, 'Satisfatório'),
(96, 557, 6, 62, 5, 16, 1, 94, 'Plenamente Satisfatório'),
(97, 530, 6, 61, 5, 11, 6, 64, 'Regular'),
(98, 224, 6, 46, 4, 15, 2, 88, 'Satisfatório'),
(99, 555, 6, 62, 5, 16, 1, 94, 'Plenamente Satisfatório'),
(100, 559, 6, 62, 5, 17, 0, 99, 'Plenamente Satisfatório'),
(101, 531, 6, 61, 5, 12, 5, 70, 'Satisfatório'),
(102, 558, 6, 62, 5, 16, 1, 94, 'Plenamente Satisfatório'),
(103, 553, 6, 62, 5, 0, 17, 0, 'Insatisfatório'),
(104, 532, 6, 61, 5, 17, 0, 99, 'Plenamente Satisfatório'),
(105, 533, 6, 61, 5, 16, 1, 94, 'Plenamente Satisfatório'),
(106, 534, 6, 61, 5, 0, 17, 0, 'Insatisfatório'),
(107, 535, 6, 61, 5, 14, 3, 82, 'Satisfatório'),
(108, 536, 6, 61, 5, 17, 0, 99, 'Plenamente Satisfatório'),
(109, 537, 6, 61, 5, 15, 2, 88, 'Satisfatório'),
(110, 538, 6, 61, 5, 17, 0, 99, 'Plenamente Satisfatório'),
(111, 539, 6, 61, 5, 17, 0, 99, 'Plenamente Satisfatório'),
(112, 540, 6, 61, 5, 16, 1, 94, 'Plenamente Satisfatório'),
(113, 541, 6, 61, 5, 0, 17, 0, 'Insatisfatório'),
(114, 542, 6, 61, 5, 16, 1, 94, 'Plenamente Satisfatório'),
(115, 543, 6, 61, 5, 9, 8, 52, 'Regular'),
(116, 732, 6, 77, 6, 17, 0, 99, 'Plenamente Satisfatório'),
(117, 544, 6, 61, 5, 9, 8, 52, 'Regular'),
(118, 733, 6, 77, 6, 7, 10, 41, 'Insatisfatório'),
(119, 730, 6, 77, 6, 15, 2, 88, 'Satisfatório'),
(120, 729, 6, 77, 6, 7, 10, 41, 'Insatisfatório'),
(121, 731, 6, 77, 6, 12, 5, 70, 'Satisfatório'),
(122, 265, 6, 48, 4, 8, 9, 47, 'Insatisfatório'),
(123, 266, 6, 48, 4, 16, 1, 94, 'Plenamente Satisfatório'),
(124, 267, 6, 48, 4, 7, 10, 41, 'Insatisfatório'),
(125, 268, 6, 48, 4, 15, 2, 88, 'Satisfatório'),
(126, 269, 6, 48, 4, 15, 2, 88, 'Satisfatório'),
(127, 270, 6, 48, 4, 9, 8, 52, 'Regular'),
(128, 271, 6, 48, 4, 9, 8, 52, 'Regular'),
(129, 272, 6, 48, 4, 16, 1, 94, 'Plenamente Satisfatório'),
(130, 273, 6, 48, 4, 11, 6, 64, 'Regular'),
(131, 274, 6, 48, 4, 12, 5, 70, 'Satisfatório'),
(132, 275, 6, 48, 4, 7, 10, 41, 'Insatisfatório'),
(133, 276, 6, 48, 4, 10, 7, 58, 'Regular'),
(134, 277, 6, 48, 4, 9, 8, 52, 'Regular'),
(135, 278, 6, 48, 4, 16, 1, 94, 'Plenamente Satisfatório'),
(136, 279, 6, 48, 4, 9, 8, 52, 'Regular'),
(137, 720, 6, 77, 6, 13, 4, 76, 'Satisfatório'),
(138, 242, 6, 47, 4, 17, 0, 99, 'Plenamente Satisfatório'),
(139, 237, 6, 47, 4, 7, 10, 41, 'Insatisfatório'),
(140, 241, 6, 47, 4, 9, 8, 52, 'Regular'),
(141, 253, 6, 47, 4, 13, 4, 76, 'Satisfatório'),
(142, 245, 6, 47, 4, 9, 8, 52, 'Regular'),
(143, 244, 6, 47, 4, 12, 5, 70, 'Satisfatório'),
(144, 240, 6, 47, 4, 14, 3, 82, 'Satisfatório'),
(145, 251, 6, 47, 4, 16, 1, 94, 'Plenamente Satisfatório'),
(146, 236, 6, 47, 4, 17, 0, 99, 'Plenamente Satisfatório'),
(147, 233, 6, 47, 4, 11, 6, 64, 'Regular'),
(148, 246, 6, 47, 4, 14, 3, 82, 'Satisfatório'),
(149, 255, 6, 47, 4, 10, 7, 58, 'Regular'),
(150, 234, 6, 47, 4, 14, 3, 82, 'Satisfatório'),
(151, 250, 6, 47, 4, 13, 4, 76, 'Satisfatório'),
(152, 247, 6, 47, 4, 11, 6, 64, 'Regular'),
(153, 235, 6, 47, 4, 14, 3, 82, 'Satisfatório'),
(154, 254, 6, 47, 4, 11, 6, 64, 'Regular'),
(155, 252, 6, 47, 4, 16, 1, 94, 'Plenamente Satisfatório'),
(156, 248, 6, 47, 4, 11, 6, 64, 'Regular'),
(157, 243, 6, 47, 4, 13, 4, 76, 'Satisfatório'),
(158, 239, 6, 47, 4, 14, 3, 82, 'Satisfatório'),
(159, 249, 6, 47, 4, 16, 1, 94, 'Plenamente Satisfatório'),
(160, 238, 6, 47, 4, 10, 7, 58, 'Regular'),
(161, 56, 6, 1, 1, 8, 9, 47, 'Insatisfatório'),
(162, 704, 6, 76, 6, 11, 6, 64, 'Regular'),
(163, 713, 6, 76, 6, 12, 5, 70, 'Satisfatório'),
(164, 708, 6, 76, 6, 13, 4, 76, 'Satisfatório'),
(165, 701, 6, 76, 6, 11, 6, 64, 'Regular'),
(166, 705, 6, 76, 6, 10, 7, 58, 'Regular'),
(167, 706, 6, 76, 6, 9, 8, 52, 'Regular'),
(168, 710, 6, 76, 6, 8, 9, 47, 'Insatisfatório'),
(169, 698, 6, 76, 6, 15, 2, 88, 'Satisfatório'),
(170, 703, 6, 76, 6, 16, 1, 94, 'Plenamente Satisfatório'),
(171, 700, 6, 76, 6, 6, 11, 35, 'Insatisfatório'),
(172, 699, 6, 76, 6, 15, 2, 88, 'Satisfatório'),
(173, 712, 6, 76, 6, 16, 1, 94, 'Plenamente Satisfatório'),
(174, 714, 6, 76, 6, 10, 7, 58, 'Regular'),
(175, 692, 6, 76, 6, 16, 1, 94, 'Plenamente Satisfatório'),
(176, 707, 6, 76, 6, 15, 2, 88, 'Satisfatório'),
(177, 709, 6, 76, 6, 13, 4, 76, 'Satisfatório'),
(178, 702, 6, 76, 6, 14, 3, 82, 'Satisfatório'),
(179, 693, 6, 76, 6, 16, 1, 94, 'Plenamente Satisfatório'),
(180, 694, 6, 76, 6, 8, 9, 47, 'Insatisfatório'),
(181, 695, 6, 76, 6, 8, 9, 47, 'Insatisfatório'),
(182, 697, 6, 76, 6, 10, 7, 58, 'Regular'),
(183, 711, 6, 76, 6, 14, 3, 82, 'Satisfatório'),
(184, 696, 6, 76, 6, 15, 2, 88, 'Satisfatório'),
(185, 64, 7, 4, 1, 14, 3, 82, 'Satisfatório'),
(186, 65, 7, 4, 1, 14, 3, 82, 'Satisfatório'),
(187, 66, 7, 4, 1, 13, 4, 76, 'Satisfatório'),
(188, 67, 7, 4, 1, 9, 8, 52, 'Regular'),
(189, 68, 7, 4, 1, 11, 6, 64, 'Regular'),
(190, 70, 7, 4, 1, 11, 6, 64, 'Regular'),
(191, 71, 7, 4, 1, 14, 3, 82, 'Satisfatório'),
(192, 318, 7, 51, 4, 14, 3, 82, 'Satisfatório'),
(193, 319, 7, 51, 4, 10, 7, 58, 'Regular'),
(194, 320, 7, 51, 4, 10, 7, 58, 'Regular'),
(195, 321, 7, 51, 4, 6, 11, 35, 'Insatisfatório'),
(196, 322, 7, 51, 4, 11, 6, 64, 'Regular'),
(197, 323, 7, 51, 4, 10, 7, 58, 'Regular'),
(198, 52, 7, 19, 2, 0, 17, 0, 'Insatisfatório'),
(199, 43, 7, 19, 2, 10, 7, 58, 'Regular'),
(200, 41, 7, 19, 2, 6, 11, 35, 'Insatisfatório'),
(201, 47, 7, 19, 2, 7, 10, 41, 'Insatisfatório'),
(202, 44, 7, 19, 2, 11, 6, 64, 'Regular'),
(203, 972, 7, 94, 7, 13, 4, 76, 'Satisfatório'),
(204, 958, 7, 94, 7, 12, 5, 70, 'Satisfatório'),
(205, 49, 7, 19, 2, 13, 4, 76, 'Satisfatório'),
(206, 973, 7, 94, 7, 15, 2, 88, 'Satisfatório'),
(207, 42, 7, 19, 2, 14, 3, 82, 'Satisfatório'),
(208, 967, 7, 94, 7, 14, 3, 82, 'Satisfatório'),
(209, 961, 7, 94, 7, 15, 2, 88, 'Satisfatório'),
(210, 39, 7, 19, 2, 4, 13, 23, 'Insatisfatório'),
(211, 38, 7, 19, 2, 14, 3, 82, 'Satisfatório'),
(212, 964, 7, 94, 7, 15, 2, 88, 'Satisfatório'),
(213, 46, 7, 19, 2, 8, 9, 47, 'Insatisfatório'),
(214, 968, 7, 94, 7, 16, 1, 94, 'Plenamente Satisfatório'),
(215, 48, 7, 19, 2, 6, 11, 35, 'Insatisfatório'),
(216, 960, 7, 94, 7, 16, 1, 94, 'Plenamente Satisfatório'),
(217, 50, 7, 19, 2, 8, 9, 47, 'Insatisfatório'),
(218, 965, 7, 94, 7, 15, 2, 88, 'Satisfatório'),
(219, 963, 7, 94, 7, 15, 2, 88, 'Satisfatório'),
(220, 45, 7, 19, 2, 12, 5, 70, 'Satisfatório'),
(221, 966, 7, 94, 7, 13, 4, 76, 'Satisfatório'),
(222, 53, 7, 19, 2, 10, 7, 58, 'Regular'),
(223, 971, 7, 94, 7, 10, 7, 58, 'Regular'),
(224, 37, 7, 19, 2, 11, 6, 64, 'Regular'),
(225, 970, 7, 94, 7, 11, 6, 64, 'Regular'),
(226, 40, 7, 19, 2, 7, 10, 41, 'Insatisfatório'),
(227, 959, 7, 94, 7, 12, 5, 70, 'Satisfatório'),
(228, 962, 7, 94, 7, 13, 4, 76, 'Satisfatório'),
(229, 969, 7, 94, 7, 13, 4, 76, 'Satisfatório'),
(230, 983, 7, 95, 7, 8, 9, 47, 'Insatisfatório'),
(231, 982, 7, 95, 7, 9, 8, 52, 'Regular'),
(232, 981, 7, 95, 7, 12, 5, 70, 'Satisfatório'),
(233, 977, 7, 95, 7, 9, 8, 52, 'Regular'),
(234, 980, 7, 95, 7, 15, 2, 88, 'Satisfatório'),
(235, 978, 7, 95, 7, 10, 7, 58, 'Regular'),
(236, 984, 7, 95, 7, 11, 6, 64, 'Regular'),
(237, 985, 7, 95, 7, 12, 5, 70, 'Satisfatório'),
(238, 988, 7, 95, 7, 7, 10, 41, 'Insatisfatório'),
(239, 986, 7, 95, 7, 10, 7, 58, 'Regular'),
(240, 976, 7, 95, 7, 7, 10, 41, 'Insatisfatório'),
(241, 987, 7, 95, 7, 9, 8, 52, 'Regular'),
(242, 974, 7, 95, 7, 10, 7, 58, 'Regular'),
(243, 979, 7, 95, 7, 8, 9, 47, 'Insatisfatório'),
(244, 94, 7, 34, 3, 9, 8, 52, 'Regular'),
(245, 95, 7, 34, 3, 5, 12, 29, 'Insatisfatório'),
(246, 96, 7, 34, 3, 9, 8, 52, 'Regular'),
(247, 97, 7, 34, 3, 15, 2, 88, 'Satisfatório'),
(248, 98, 7, 34, 3, 12, 5, 70, 'Satisfatório'),
(249, 99, 7, 34, 3, 13, 4, 76, 'Satisfatório'),
(250, 100, 7, 34, 3, 13, 4, 76, 'Satisfatório'),
(251, 101, 7, 34, 3, 11, 6, 64, 'Regular'),
(252, 102, 7, 34, 3, 10, 7, 58, 'Regular'),
(253, 103, 7, 34, 3, 11, 6, 64, 'Regular'),
(254, 104, 7, 34, 3, 8, 9, 47, 'Insatisfatório'),
(255, 105, 7, 34, 3, 9, 8, 52, 'Regular'),
(256, 106, 7, 34, 3, 16, 1, 94, 'Plenamente Satisfatório'),
(257, 107, 7, 34, 3, 12, 5, 70, 'Satisfatório'),
(258, 108, 7, 34, 3, 11, 6, 64, 'Regular'),
(259, 1030, 7, 34, 3, 9, 8, 52, 'Regular'),
(260, 1031, 7, 34, 3, 9, 8, 52, 'Regular'),
(261, 1032, 7, 34, 3, 8, 9, 47, 'Insatisfatório'),
(262, 1033, 7, 34, 3, 5, 12, 29, 'Insatisfatório'),
(263, 1034, 7, 34, 3, 12, 5, 70, 'Satisfatório'),
(264, 324, 7, 51, 4, 11, 6, 64, 'Regular'),
(265, 325, 7, 51, 4, 9, 8, 52, 'Regular'),
(266, 326, 7, 51, 4, 13, 4, 76, 'Satisfatório'),
(267, 327, 7, 51, 4, 11, 6, 64, 'Regular'),
(268, 328, 7, 51, 4, 14, 3, 82, 'Satisfatório'),
(269, 329, 7, 51, 4, 11, 6, 64, 'Regular'),
(270, 330, 7, 51, 4, 13, 4, 76, 'Satisfatório'),
(271, 331, 7, 51, 4, 14, 3, 82, 'Satisfatório'),
(272, 581, 7, 65, 5, 14, 3, 82, 'Satisfatório'),
(273, 69, 7, 4, 1, 13, 4, 76, 'Satisfatório'),
(274, 579, 7, 64, 5, 9, 8, 52, 'Regular'),
(275, 298, 7, 49, 4, 6, 11, 35, 'Insatisfatório'),
(276, 297, 7, 49, 4, 11, 6, 64, 'Regular'),
(277, 294, 7, 49, 4, 9, 8, 52, 'Regular'),
(278, 295, 7, 49, 4, 11, 6, 64, 'Regular'),
(279, 293, 7, 49, 4, 16, 1, 94, 'Plenamente Satisfatório'),
(280, 292, 7, 49, 4, 14, 3, 82, 'Satisfatório'),
(281, 291, 7, 49, 4, 11, 6, 64, 'Regular'),
(282, 290, 7, 49, 4, 13, 4, 76, 'Satisfatório'),
(283, 289, 7, 49, 4, 7, 10, 41, 'Insatisfatório'),
(284, 288, 7, 49, 4, 11, 6, 64, 'Regular'),
(285, 287, 7, 49, 4, 11, 6, 64, 'Regular'),
(286, 286, 7, 49, 4, 10, 7, 58, 'Regular'),
(287, 283, 7, 49, 4, 16, 1, 94, 'Plenamente Satisfatório'),
(288, 285, 7, 49, 4, 11, 6, 64, 'Regular'),
(289, 284, 7, 49, 4, 12, 5, 70, 'Satisfatório'),
(290, 280, 7, 49, 4, 14, 3, 82, 'Satisfatório'),
(291, 281, 7, 49, 4, 13, 4, 76, 'Satisfatório'),
(292, 282, 7, 49, 4, 9, 8, 52, 'Regular'),
(293, 308, 7, 50, 4, 4, 13, 23, 'Insatisfatório'),
(294, 333, 7, 51, 4, 6, 11, 35, 'Insatisfatório'),
(295, 334, 7, 51, 4, 13, 4, 76, 'Satisfatório'),
(296, 335, 7, 51, 4, 11, 6, 64, 'Regular'),
(297, 336, 7, 51, 4, 9, 8, 52, 'Regular'),
(298, 299, 7, 50, 4, 10, 7, 58, 'Regular'),
(299, 300, 7, 50, 4, 10, 7, 58, 'Regular'),
(300, 301, 7, 50, 4, 11, 6, 64, 'Regular'),
(301, 303, 7, 50, 4, 14, 3, 82, 'Satisfatório'),
(302, 313, 7, 50, 4, 13, 4, 76, 'Satisfatório'),
(303, 305, 7, 50, 4, 14, 3, 82, 'Satisfatório'),
(304, 310, 7, 50, 4, 15, 2, 88, 'Satisfatório'),
(305, 304, 7, 50, 4, 16, 1, 94, 'Plenamente Satisfatório'),
(306, 314, 7, 50, 4, 16, 1, 94, 'Plenamente Satisfatório'),
(307, 306, 7, 50, 4, 16, 1, 94, 'Plenamente Satisfatório'),
(308, 312, 7, 50, 4, 10, 7, 58, 'Regular'),
(309, 307, 7, 50, 4, 9, 8, 52, 'Regular'),
(310, 316, 7, 50, 4, 11, 6, 64, 'Regular'),
(311, 302, 7, 50, 4, 12, 5, 70, 'Satisfatório'),
(312, 309, 7, 50, 4, 12, 5, 70, 'Satisfatório'),
(313, 311, 7, 50, 4, 8, 9, 47, 'Insatisfatório'),
(314, 315, 7, 50, 4, 5, 12, 29, 'Insatisfatório'),
(315, 746, 7, 79, 6, 15, 2, 88, 'Satisfatório'),
(316, 738, 7, 79, 6, 17, 0, 99, 'Plenamente Satisfatório'),
(317, 734, 7, 79, 6, 16, 1, 94, 'Plenamente Satisfatório'),
(318, 741, 7, 79, 6, 15, 2, 88, 'Satisfatório'),
(319, 736, 7, 79, 6, 14, 3, 82, 'Satisfatório'),
(320, 743, 7, 79, 6, 16, 1, 94, 'Plenamente Satisfatório'),
(321, 762, 7, 79, 6, 15, 2, 88, 'Satisfatório'),
(322, 752, 7, 79, 6, 15, 2, 88, 'Satisfatório'),
(323, 761, 7, 79, 6, 16, 1, 94, 'Plenamente Satisfatório'),
(324, 749, 7, 79, 6, 15, 2, 88, 'Satisfatório'),
(325, 760, 7, 79, 6, 12, 5, 70, 'Satisfatório'),
(326, 756, 7, 79, 6, 10, 7, 58, 'Regular'),
(327, 750, 7, 79, 6, 6, 11, 35, 'Insatisfatório'),
(328, 757, 7, 79, 6, 13, 4, 76, 'Satisfatório'),
(329, 742, 7, 79, 6, 14, 3, 82, 'Satisfatório'),
(330, 745, 7, 79, 6, 14, 3, 82, 'Satisfatório'),
(331, 737, 7, 79, 6, 11, 6, 64, 'Regular'),
(332, 758, 7, 79, 6, 5, 12, 29, 'Insatisfatório'),
(333, 748, 7, 79, 6, 8, 9, 47, 'Insatisfatório'),
(334, 747, 7, 79, 6, 12, 5, 70, 'Satisfatório'),
(335, 759, 7, 79, 6, 12, 5, 70, 'Satisfatório'),
(336, 739, 7, 79, 6, 12, 5, 70, 'Satisfatório'),
(337, 740, 7, 79, 6, 12, 5, 70, 'Satisfatório'),
(338, 744, 7, 79, 6, 15, 2, 88, 'Satisfatório'),
(339, 755, 7, 79, 6, 15, 2, 88, 'Satisfatório'),
(340, 751, 7, 79, 6, 12, 5, 70, 'Satisfatório'),
(341, 753, 7, 79, 6, 3, 14, 17, 'Insatisfatório'),
(342, 772, 7, 80, 6, 10, 7, 58, 'Regular'),
(343, 786, 7, 80, 6, 4, 13, 23, 'Insatisfatório'),
(344, 766, 7, 80, 6, 12, 5, 70, 'Satisfatório'),
(345, 778, 7, 80, 6, 14, 3, 82, 'Satisfatório'),
(346, 765, 7, 80, 6, 16, 1, 94, 'Plenamente Satisfatório'),
(347, 780, 7, 80, 6, 9, 8, 52, 'Regular'),
(348, 784, 7, 80, 6, 6, 11, 35, 'Insatisfatório'),
(349, 773, 7, 80, 6, 5, 12, 29, 'Insatisfatório'),
(350, 763, 7, 80, 6, 8, 9, 47, 'Insatisfatório'),
(351, 783, 7, 80, 6, 10, 7, 58, 'Regular'),
(352, 770, 7, 80, 6, 13, 4, 76, 'Satisfatório'),
(353, 776, 7, 80, 6, 11, 6, 64, 'Regular'),
(354, 779, 7, 80, 6, 14, 3, 82, 'Satisfatório'),
(355, 775, 7, 80, 6, 8, 9, 47, 'Insatisfatório'),
(356, 769, 7, 80, 6, 12, 5, 70, 'Satisfatório'),
(357, 767, 7, 80, 6, 16, 1, 94, 'Plenamente Satisfatório'),
(358, 785, 7, 80, 6, 12, 5, 70, 'Satisfatório'),
(359, 764, 7, 80, 6, 12, 5, 70, 'Satisfatório'),
(360, 774, 7, 80, 6, 12, 5, 70, 'Satisfatório'),
(361, 782, 7, 80, 6, 16, 1, 94, 'Plenamente Satisfatório'),
(362, 787, 7, 80, 6, 13, 4, 76, 'Satisfatório'),
(363, 768, 7, 80, 6, 11, 6, 64, 'Regular'),
(364, 781, 7, 80, 6, 14, 3, 82, 'Satisfatório'),
(365, 777, 7, 80, 6, 14, 3, 82, 'Satisfatório'),
(366, 735, 7, 79, 6, 14, 3, 82, 'Satisfatório'),
(367, 754, 7, 79, 6, 16, 1, 94, 'Plenamente Satisfatório'),
(368, 582, 7, 65, 5, 8, 9, 47, 'Insatisfatório'),
(369, 583, 7, 65, 5, 11, 6, 64, 'Regular'),
(370, 584, 7, 65, 5, 9, 8, 52, 'Regular'),
(371, 585, 7, 65, 5, 15, 2, 88, 'Satisfatório'),
(372, 587, 7, 65, 5, 12, 5, 70, 'Satisfatório'),
(373, 586, 7, 65, 5, 15, 2, 88, 'Satisfatório'),
(374, 588, 7, 65, 5, 15, 2, 88, 'Satisfatório'),
(375, 589, 7, 65, 5, 8, 9, 47, 'Insatisfatório'),
(376, 590, 7, 65, 5, 13, 4, 76, 'Satisfatório'),
(377, 591, 7, 65, 5, 14, 3, 82, 'Satisfatório'),
(378, 593, 7, 65, 5, 8, 9, 47, 'Insatisfatório'),
(379, 594, 7, 65, 5, 4, 13, 23, 'Insatisfatório'),
(380, 595, 7, 65, 5, 10, 7, 58, 'Regular'),
(381, 596, 7, 65, 5, 11, 6, 64, 'Regular'),
(382, 597, 7, 65, 5, 8, 9, 47, 'Insatisfatório'),
(383, 598, 7, 65, 5, 13, 4, 76, 'Satisfatório'),
(384, 592, 7, 65, 5, 9, 8, 52, 'Regular'),
(385, 564, 7, 64, 5, 11, 6, 64, 'Regular'),
(386, 565, 7, 64, 5, 11, 6, 64, 'Regular'),
(387, 580, 7, 64, 5, 11, 6, 64, 'Regular'),
(388, 577, 7, 64, 5, 14, 3, 82, 'Satisfatório'),
(389, 578, 7, 64, 5, 12, 5, 70, 'Satisfatório'),
(390, 576, 7, 64, 5, 12, 5, 70, 'Satisfatório'),
(391, 575, 7, 64, 5, 12, 5, 70, 'Satisfatório'),
(392, 574, 7, 64, 5, 9, 8, 52, 'Regular'),
(393, 566, 7, 64, 5, 12, 5, 70, 'Satisfatório'),
(394, 567, 7, 64, 5, 10, 7, 58, 'Regular'),
(395, 568, 7, 64, 5, 6, 11, 35, 'Insatisfatório'),
(396, 569, 7, 64, 5, 10, 7, 58, 'Regular'),
(397, 570, 7, 64, 5, 12, 5, 70, 'Satisfatório'),
(398, 571, 7, 64, 5, 12, 5, 70, 'Satisfatório'),
(399, 573, 7, 64, 5, 10, 7, 58, 'Regular'),
(400, 572, 7, 64, 5, 13, 4, 76, 'Satisfatório'),
(401, 369, 8, 53, 4, 7, 10, 41, 'Insatisfatório'),
(402, 363, 8, 53, 4, 15, 2, 88, 'Satisfatório'),
(403, 365, 8, 53, 4, 14, 3, 82, 'Satisfatório'),
(404, 367, 8, 53, 4, 14, 3, 82, 'Satisfatório'),
(405, 374, 8, 53, 4, 9, 8, 52, 'Regular'),
(406, 378, 8, 53, 4, 14, 3, 82, 'Satisfatório'),
(407, 366, 8, 53, 4, 6, 11, 35, 'Insatisfatório'),
(408, 382, 8, 53, 4, 8, 9, 47, 'Insatisfatório'),
(409, 377, 8, 53, 4, 13, 4, 76, 'Satisfatório'),
(410, 370, 8, 53, 4, 9, 8, 52, 'Regular'),
(411, 379, 8, 53, 4, 4, 13, 23, 'Insatisfatório'),
(412, 380, 8, 53, 4, 5, 12, 29, 'Insatisfatório'),
(413, 375, 8, 53, 4, 15, 2, 88, 'Satisfatório'),
(414, 373, 8, 53, 4, 12, 5, 70, 'Satisfatório'),
(415, 368, 8, 53, 4, 13, 4, 76, 'Satisfatório'),
(416, 364, 8, 53, 4, 14, 3, 82, 'Satisfatório'),
(417, 371, 8, 53, 4, 12, 5, 70, 'Satisfatório'),
(418, 376, 8, 53, 4, 9, 8, 52, 'Regular'),
(419, 372, 8, 53, 4, 15, 2, 88, 'Satisfatório'),
(420, 999, 8, 97, 7, 11, 6, 64, 'Regular'),
(421, 995, 8, 97, 7, 15, 2, 88, 'Satisfatório'),
(422, 1016, 8, 98, 7, 6, 11, 35, 'Insatisfatório'),
(423, 1015, 8, 98, 7, 7, 10, 41, 'Insatisfatório'),
(424, 990, 8, 97, 7, 12, 5, 70, 'Satisfatório'),
(425, 1012, 8, 98, 7, 6, 11, 35, 'Insatisfatório'),
(426, 991, 8, 97, 7, 8, 9, 47, 'Insatisfatório'),
(427, 1025, 8, 98, 7, 10, 7, 58, 'Regular'),
(428, 1021, 8, 98, 7, 11, 6, 64, 'Regular'),
(429, 1023, 8, 98, 7, 17, 0, 99, 'Plenamente Satisfatório'),
(430, 992, 8, 97, 7, 8, 9, 47, 'Insatisfatório'),
(431, 1018, 8, 98, 7, 10, 7, 58, 'Regular'),
(432, 993, 8, 97, 7, 9, 8, 52, 'Regular'),
(433, 1026, 8, 98, 7, 9, 8, 52, 'Regular'),
(434, 994, 8, 97, 7, 5, 12, 29, 'Insatisfatório'),
(435, 1017, 8, 98, 7, 9, 8, 52, 'Regular'),
(436, 1020, 8, 98, 7, 6, 11, 35, 'Insatisfatório'),
(437, 996, 8, 97, 7, 15, 2, 88, 'Satisfatório'),
(438, 1013, 8, 98, 7, 9, 8, 52, 'Regular'),
(439, 1024, 8, 98, 7, 12, 5, 70, 'Satisfatório'),
(440, 997, 8, 97, 7, 14, 3, 82, 'Satisfatório'),
(441, 1014, 8, 98, 7, 11, 6, 64, 'Regular'),
(442, 998, 8, 97, 7, 14, 3, 82, 'Satisfatório'),
(443, 1022, 8, 98, 7, 4, 13, 23, 'Insatisfatório'),
(444, 1000, 8, 97, 7, 15, 2, 88, 'Satisfatório'),
(445, 1019, 8, 98, 7, 7, 10, 41, 'Insatisfatório'),
(446, 1001, 8, 97, 7, 6, 11, 35, 'Insatisfatório'),
(447, 1002, 8, 97, 7, 13, 4, 76, 'Satisfatório'),
(448, 1003, 8, 97, 7, 8, 9, 47, 'Insatisfatório'),
(449, 1004, 8, 97, 7, 13, 4, 76, 'Satisfatório'),
(450, 1005, 8, 97, 7, 10, 7, 58, 'Regular'),
(451, 1006, 8, 97, 7, 13, 4, 76, 'Satisfatório'),
(452, 1007, 8, 97, 7, 14, 3, 82, 'Satisfatório'),
(453, 1008, 8, 97, 7, 13, 4, 76, 'Satisfatório'),
(454, 1009, 8, 97, 7, 11, 6, 64, 'Regular'),
(455, 1010, 8, 97, 7, 11, 6, 64, 'Regular'),
(456, 1011, 8, 97, 7, 11, 6, 64, 'Regular'),
(457, 72, 8, 7, 1, 7, 10, 41, 'Insatisfatório'),
(458, 73, 8, 7, 1, 12, 5, 70, 'Satisfatório'),
(459, 74, 8, 7, 1, 8, 9, 47, 'Insatisfatório'),
(460, 75, 8, 7, 1, 12, 5, 70, 'Satisfatório'),
(461, 76, 8, 7, 1, 16, 1, 94, 'Plenamente Satisfatório'),
(462, 77, 8, 7, 1, 16, 1, 94, 'Plenamente Satisfatório'),
(463, 78, 8, 7, 1, 12, 5, 70, 'Satisfatório'),
(464, 79, 8, 7, 1, 16, 1, 94, 'Plenamente Satisfatório'),
(465, 80, 8, 7, 1, 9, 8, 52, 'Regular'),
(466, 132, 8, 37, 3, 14, 3, 82, 'Satisfatório'),
(467, 133, 8, 37, 3, 12, 5, 70, 'Satisfatório'),
(468, 134, 8, 37, 3, 14, 3, 82, 'Satisfatório'),
(469, 135, 8, 37, 3, 15, 2, 88, 'Satisfatório'),
(470, 156, 8, 37, 3, 12, 5, 70, 'Satisfatório'),
(471, 136, 8, 37, 3, 10, 7, 58, 'Regular'),
(472, 137, 8, 37, 3, 8, 9, 47, 'Insatisfatório'),
(473, 138, 8, 37, 3, 13, 4, 76, 'Satisfatório'),
(474, 140, 8, 37, 3, 12, 5, 70, 'Satisfatório'),
(475, 139, 8, 37, 3, 11, 6, 64, 'Regular'),
(476, 141, 8, 37, 3, 6, 11, 35, 'Insatisfatório'),
(477, 142, 8, 37, 3, 13, 4, 76, 'Satisfatório'),
(478, 143, 8, 37, 3, 13, 4, 76, 'Satisfatório'),
(479, 144, 8, 37, 3, 13, 4, 76, 'Satisfatório'),
(480, 145, 8, 37, 3, 9, 8, 52, 'Regular'),
(481, 146, 8, 37, 3, 11, 6, 64, 'Regular'),
(482, 147, 8, 37, 3, 11, 6, 64, 'Regular'),
(483, 148, 8, 37, 3, 13, 4, 76, 'Satisfatório'),
(484, 149, 8, 37, 3, 16, 1, 94, 'Plenamente Satisfatório'),
(485, 150, 8, 37, 3, 16, 1, 94, 'Plenamente Satisfatório'),
(486, 151, 8, 37, 3, 9, 8, 52, 'Regular'),
(487, 152, 8, 37, 3, 12, 5, 70, 'Satisfatório'),
(488, 153, 8, 37, 3, 14, 3, 82, 'Satisfatório'),
(489, 154, 8, 37, 3, 13, 4, 76, 'Satisfatório'),
(490, 155, 8, 37, 3, 10, 7, 58, 'Regular'),
(491, 357, 8, 52, 4, 5, 12, 29, 'Insatisfatório'),
(492, 360, 8, 52, 4, 7, 10, 41, 'Insatisfatório'),
(493, 356, 8, 52, 4, 12, 5, 70, 'Satisfatório'),
(494, 358, 8, 52, 4, 12, 5, 70, 'Satisfatório'),
(495, 347, 8, 52, 4, 10, 7, 58, 'Regular'),
(496, 354, 8, 52, 4, 10, 7, 58, 'Regular'),
(497, 340, 8, 52, 4, 15, 2, 88, 'Satisfatório'),
(498, 353, 8, 52, 4, 15, 2, 88, 'Satisfatório'),
(499, 344, 8, 52, 4, 9, 8, 52, 'Regular'),
(500, 362, 8, 52, 4, 14, 3, 82, 'Satisfatório'),
(501, 345, 8, 52, 4, 12, 5, 70, 'Satisfatório'),
(502, 350, 8, 52, 4, 12, 5, 70, 'Satisfatório'),
(503, 352, 8, 52, 4, 14, 3, 82, 'Satisfatório'),
(504, 361, 8, 52, 4, 15, 2, 88, 'Satisfatório'),
(505, 341, 8, 52, 4, 15, 2, 88, 'Satisfatório'),
(506, 351, 8, 52, 4, 4, 13, 23, 'Insatisfatório'),
(507, 343, 8, 52, 4, 14, 3, 82, 'Satisfatório'),
(508, 338, 8, 52, 4, 9, 8, 52, 'Regular'),
(509, 337, 8, 52, 4, 10, 7, 58, 'Regular'),
(510, 342, 8, 52, 4, 15, 2, 88, 'Satisfatório'),
(511, 348, 8, 52, 4, 14, 3, 82, 'Satisfatório'),
(512, 349, 8, 52, 4, 11, 6, 64, 'Regular'),
(513, 359, 8, 52, 4, 16, 1, 94, 'Plenamente Satisfatório'),
(514, 339, 8, 52, 4, 8, 9, 47, 'Insatisfatório'),
(515, 346, 8, 52, 4, 11, 6, 64, 'Regular'),
(516, 355, 8, 52, 4, 10, 7, 58, 'Regular'),
(517, 115, 8, 38, 3, 3, 14, 17, 'Insatisfatório'),
(518, 109, 8, 38, 3, 8, 9, 47, 'Insatisfatório'),
(519, 110, 8, 38, 3, 8, 9, 47, 'Insatisfatório'),
(520, 111, 8, 38, 3, 11, 6, 64, 'Regular'),
(521, 112, 8, 38, 3, 7, 10, 41, 'Insatisfatório'),
(522, 113, 8, 38, 3, 8, 9, 47, 'Insatisfatório'),
(523, 114, 8, 38, 3, 11, 6, 64, 'Regular'),
(524, 802, 8, 82, 6, 11, 6, 64, 'Regular'),
(525, 796, 8, 82, 6, 14, 3, 82, 'Satisfatório'),
(526, 798, 8, 82, 6, 11, 6, 64, 'Regular'),
(527, 813, 8, 82, 6, 13, 4, 76, 'Satisfatório'),
(528, 806, 8, 82, 6, 17, 0, 99, 'Plenamente Satisfatório'),
(529, 805, 8, 82, 6, 17, 0, 99, 'Plenamente Satisfatório'),
(530, 790, 8, 82, 6, 16, 1, 94, 'Plenamente Satisfatório'),
(531, 809, 8, 82, 6, 16, 1, 94, 'Plenamente Satisfatório'),
(532, 803, 8, 82, 6, 11, 6, 64, 'Regular'),
(533, 810, 8, 82, 6, 10, 7, 58, 'Regular'),
(534, 808, 8, 82, 6, 13, 4, 76, 'Satisfatório'),
(535, 807, 8, 82, 6, 10, 7, 58, 'Regular'),
(536, 799, 8, 82, 6, 15, 2, 88, 'Satisfatório'),
(537, 792, 8, 82, 6, 17, 0, 99, 'Plenamente Satisfatório'),
(538, 794, 8, 82, 6, 15, 2, 88, 'Satisfatório'),
(539, 804, 8, 82, 6, 17, 0, 99, 'Plenamente Satisfatório'),
(540, 801, 8, 82, 6, 15, 2, 88, 'Satisfatório'),
(541, 791, 8, 82, 6, 8, 9, 47, 'Insatisfatório'),
(542, 793, 8, 82, 6, 13, 4, 76, 'Satisfatório'),
(543, 795, 8, 82, 6, 16, 1, 94, 'Plenamente Satisfatório'),
(544, 811, 8, 82, 6, 17, 0, 99, 'Plenamente Satisfatório'),
(545, 81, 9, 10, 1, 8, 9, 47, 'Insatisfatório'),
(546, 82, 9, 10, 1, 7, 10, 41, 'Insatisfatório'),
(547, 83, 9, 10, 1, 14, 3, 82, 'Satisfatório'),
(548, 84, 9, 10, 1, 9, 8, 52, 'Regular'),
(549, 85, 9, 10, 1, 9, 8, 52, 'Regular'),
(550, 86, 9, 10, 1, 2, 15, 11, 'Insatisfatório'),
(551, 87, 9, 10, 1, 3, 14, 17, 'Insatisfatório'),
(552, 88, 9, 10, 1, 10, 7, 58, 'Regular'),
(553, 89, 9, 10, 1, 6, 11, 35, 'Insatisfatório'),
(554, 90, 9, 10, 1, 14, 3, 82, 'Satisfatório'),
(555, 91, 9, 10, 1, 4, 13, 23, 'Insatisfatório'),
(556, 92, 9, 10, 1, 8, 9, 47, 'Insatisfatório'),
(557, 93, 9, 10, 1, 10, 7, 58, 'Regular'),
(558, 456, 9, 57, 4, 11, 6, 64, 'Regular'),
(559, 454, 9, 57, 4, 7, 10, 41, 'Insatisfatório'),
(560, 452, 9, 57, 4, 13, 4, 76, 'Satisfatório'),
(561, 460, 9, 57, 4, 4, 13, 23, 'Insatisfatório'),
(562, 458, 9, 57, 4, 16, 1, 94, 'Plenamente Satisfatório'),
(563, 157, 9, 40, 3, 7, 10, 41, 'Insatisfatório'),
(564, 158, 9, 40, 3, 7, 10, 41, 'Insatisfatório'),
(565, 159, 9, 40, 3, 5, 12, 29, 'Insatisfatório'),
(566, 160, 9, 40, 3, 13, 4, 76, 'Satisfatório'),
(567, 161, 9, 40, 3, 15, 2, 88, 'Satisfatório'),
(568, 162, 9, 40, 3, 10, 7, 58, 'Regular'),
(569, 163, 9, 40, 3, 12, 5, 70, 'Satisfatório'),
(570, 164, 9, 40, 3, 14, 3, 82, 'Satisfatório'),
(571, 165, 9, 40, 3, 4, 13, 23, 'Insatisfatório'),
(572, 166, 9, 40, 3, 11, 6, 64, 'Regular'),
(573, 167, 9, 40, 3, 13, 4, 76, 'Satisfatório'),
(574, 168, 9, 40, 3, 9, 8, 52, 'Regular'),
(575, 169, 9, 40, 3, 2, 15, 11, 'Insatisfatório'),
(576, 170, 9, 40, 3, 14, 3, 82, 'Satisfatório'),
(577, 171, 9, 40, 3, 5, 12, 29, 'Insatisfatório'),
(578, 172, 9, 40, 3, 15, 2, 88, 'Satisfatório'),
(579, 173, 9, 40, 3, 6, 11, 35, 'Insatisfatório'),
(580, 174, 9, 40, 3, 12, 5, 70, 'Satisfatório'),
(581, 175, 9, 40, 3, 5, 12, 29, 'Insatisfatório'),
(582, 176, 9, 40, 3, 6, 11, 35, 'Insatisfatório'),
(583, 177, 9, 40, 3, 13, 4, 76, 'Satisfatório'),
(584, 178, 9, 40, 3, 14, 3, 82, 'Satisfatório'),
(585, 179, 9, 40, 3, 6, 11, 35, 'Insatisfatório'),
(586, 180, 9, 40, 3, 7, 10, 41, 'Insatisfatório'),
(587, 181, 9, 40, 3, 7, 10, 41, 'Insatisfatório'),
(588, 412, 9, 55, 4, 14, 3, 82, 'Satisfatório'),
(589, 407, 9, 55, 4, 11, 6, 64, 'Regular'),
(590, 408, 9, 55, 4, 15, 2, 88, 'Satisfatório'),
(591, 413, 9, 55, 4, 3, 14, 17, 'Insatisfatório'),
(592, 421, 9, 55, 4, 11, 6, 64, 'Regular'),
(593, 403, 9, 55, 4, 5, 12, 29, 'Insatisfatório'),
(594, 401, 9, 55, 4, 9, 8, 52, 'Regular'),
(595, 418, 9, 55, 4, 4, 13, 23, 'Insatisfatório'),
(596, 411, 9, 55, 4, 15, 2, 88, 'Satisfatório'),
(597, 419, 9, 55, 4, 7, 10, 41, 'Insatisfatório'),
(598, 415, 9, 55, 4, 16, 1, 94, 'Plenamente Satisfatório'),
(599, 404, 9, 55, 4, 11, 6, 64, 'Regular'),
(600, 406, 9, 55, 4, 12, 5, 70, 'Satisfatório'),
(601, 420, 9, 55, 4, 12, 5, 70, 'Satisfatório'),
(602, 405, 9, 55, 4, 13, 4, 76, 'Satisfatório'),
(603, 416, 9, 55, 4, 12, 5, 70, 'Satisfatório'),
(604, 414, 9, 55, 4, 14, 3, 82, 'Satisfatório'),
(605, 409, 9, 55, 4, 15, 2, 88, 'Satisfatório'),
(606, 425, 9, 55, 4, 7, 10, 41, 'Insatisfatório'),
(607, 417, 9, 55, 4, 14, 3, 82, 'Satisfatório'),
(608, 410, 9, 55, 4, 5, 12, 29, 'Insatisfatório'),
(609, 424, 9, 55, 4, 10, 7, 58, 'Regular'),
(610, 400, 9, 55, 4, 16, 1, 94, 'Plenamente Satisfatório'),
(611, 422, 9, 55, 4, 9, 8, 52, 'Regular'),
(612, 423, 9, 55, 4, 4, 13, 23, 'Insatisfatório'),
(613, 402, 9, 55, 4, 16, 1, 94, 'Plenamente Satisfatório'),
(614, 440, 9, 56, 4, 13, 4, 76, 'Satisfatório'),
(615, 435, 9, 56, 4, 15, 2, 88, 'Satisfatório'),
(616, 445, 9, 56, 4, 15, 2, 88, 'Satisfatório'),
(617, 432, 9, 56, 4, 6, 11, 35, 'Insatisfatório'),
(618, 438, 9, 56, 4, 6, 11, 35, 'Insatisfatório'),
(619, 437, 9, 56, 4, 9, 8, 52, 'Regular'),
(620, 443, 9, 56, 4, 6, 11, 35, 'Insatisfatório'),
(621, 427, 9, 56, 4, 7, 10, 41, 'Insatisfatório'),
(622, 429, 9, 56, 4, 15, 2, 88, 'Satisfatório'),
(623, 444, 9, 56, 4, 16, 1, 94, 'Plenamente Satisfatório'),
(624, 436, 9, 56, 4, 10, 7, 58, 'Regular'),
(625, 430, 9, 56, 4, 8, 9, 47, 'Insatisfatório'),
(626, 442, 9, 56, 4, 5, 12, 29, 'Insatisfatório'),
(627, 428, 9, 56, 4, 12, 5, 70, 'Satisfatório'),
(628, 441, 9, 56, 4, 4, 13, 23, 'Insatisfatório'),
(629, 431, 9, 56, 4, 12, 5, 70, 'Satisfatório'),
(630, 439, 9, 56, 4, 13, 4, 76, 'Satisfatório'),
(631, 433, 9, 56, 4, 9, 8, 52, 'Regular'),
(632, 434, 9, 56, 4, 8, 9, 47, 'Insatisfatório'),
(633, 641, 9, 70, 5, 6, 11, 35, 'Insatisfatório'),
(634, 644, 9, 70, 5, 9, 8, 52, 'Regular'),
(635, 446, 9, 57, 4, 9, 8, 52, 'Regular'),
(636, 463, 9, 57, 4, 11, 6, 64, 'Regular'),
(637, 450, 9, 57, 4, 11, 6, 64, 'Regular'),
(638, 449, 9, 57, 4, 10, 7, 58, 'Regular'),
(639, 461, 9, 57, 4, 15, 2, 88, 'Satisfatório'),
(640, 447, 9, 57, 4, 13, 4, 76, 'Satisfatório'),
(641, 457, 9, 57, 4, 13, 4, 76, 'Satisfatório'),
(642, 455, 9, 57, 4, 16, 1, 94, 'Plenamente Satisfatório'),
(643, 453, 9, 57, 4, 9, 8, 52, 'Regular'),
(644, 462, 9, 57, 4, 12, 5, 70, 'Satisfatório'),
(645, 459, 9, 57, 4, 12, 5, 70, 'Satisfatório'),
(646, 451, 9, 57, 4, 14, 3, 82, 'Satisfatório'),
(647, 448, 9, 57, 4, 11, 6, 64, 'Regular'),
(648, 426, 9, 55, 4, 0, 17, 0, 'Insatisfatório'),
(649, 833, 9, 85, 6, 13, 4, 76, 'Satisfatório'),
(650, 821, 9, 85, 6, 16, 1, 94, 'Plenamente Satisfatório'),
(651, 822, 9, 85, 6, 6, 11, 35, 'Insatisfatório'),
(652, 840, 9, 85, 6, 7, 10, 41, 'Insatisfatório'),
(653, 816, 9, 85, 6, 13, 4, 76, 'Satisfatório'),
(654, 826, 9, 85, 6, 16, 1, 94, 'Plenamente Satisfatório'),
(655, 819, 9, 85, 6, 6, 11, 35, 'Insatisfatório'),
(656, 835, 9, 85, 6, 5, 12, 29, 'Insatisfatório'),
(657, 830, 9, 85, 6, 5, 12, 29, 'Insatisfatório'),
(658, 828, 9, 85, 6, 11, 6, 64, 'Regular'),
(659, 817, 9, 85, 6, 13, 4, 76, 'Satisfatório'),
(660, 823, 9, 85, 6, 8, 9, 47, 'Insatisfatório'),
(661, 815, 9, 85, 6, 2, 15, 11, 'Insatisfatório'),
(662, 818, 9, 85, 6, 9, 8, 52, 'Regular'),
(663, 837, 9, 85, 6, 8, 9, 47, 'Insatisfatório'),
(664, 836, 9, 85, 6, 9, 8, 52, 'Regular'),
(665, 831, 9, 85, 6, 11, 6, 64, 'Regular'),
(666, 827, 9, 85, 6, 6, 11, 35, 'Insatisfatório'),
(667, 820, 9, 85, 6, 2, 15, 11, 'Insatisfatório'),
(668, 841, 9, 85, 6, 14, 3, 82, 'Satisfatório'),
(669, 832, 9, 85, 6, 16, 1, 94, 'Plenamente Satisfatório'),
(670, 829, 9, 85, 6, 4, 13, 23, 'Insatisfatório'),
(671, 824, 9, 85, 6, 10, 7, 58, 'Regular'),
(672, 839, 9, 85, 6, 15, 2, 88, 'Satisfatório'),
(673, 834, 9, 85, 6, 8, 9, 47, 'Insatisfatório'),
(674, 825, 9, 85, 6, 5, 12, 29, 'Insatisfatório'),
(675, 838, 9, 85, 6, 6, 11, 35, 'Insatisfatório'),
(676, 858, 9, 86, 6, 7, 10, 41, 'Insatisfatório'),
(677, 851, 9, 86, 6, 2, 15, 11, 'Insatisfatório'),
(678, 862, 9, 86, 6, 13, 4, 76, 'Satisfatório'),
(679, 842, 9, 86, 6, 16, 1, 94, 'Plenamente Satisfatório'),
(680, 852, 9, 86, 6, 8, 9, 47, 'Insatisfatório'),
(681, 850, 9, 86, 6, 13, 4, 76, 'Satisfatório'),
(682, 848, 9, 86, 6, 16, 1, 94, 'Plenamente Satisfatório'),
(683, 853, 9, 86, 6, 7, 10, 41, 'Insatisfatório'),
(684, 860, 9, 86, 6, 6, 11, 35, 'Insatisfatório'),
(685, 856, 9, 86, 6, 10, 7, 58, 'Regular'),
(686, 864, 9, 86, 6, 7, 10, 41, 'Insatisfatório'),
(687, 861, 9, 86, 6, 5, 12, 29, 'Insatisfatório'),
(688, 859, 9, 86, 6, 7, 10, 41, 'Insatisfatório'),
(689, 843, 9, 86, 6, 8, 9, 47, 'Insatisfatório'),
(690, 844, 9, 86, 6, 4, 13, 23, 'Insatisfatório'),
(691, 846, 9, 86, 6, 5, 12, 29, 'Insatisfatório'),
(692, 857, 9, 86, 6, 5, 12, 29, 'Insatisfatório'),
(693, 854, 9, 86, 6, 9, 8, 52, 'Regular'),
(694, 849, 9, 86, 6, 9, 8, 52, 'Regular'),
(695, 863, 9, 86, 6, 7, 10, 41, 'Insatisfatório'),
(696, 847, 9, 86, 6, 13, 4, 76, 'Satisfatório'),
(697, 855, 9, 86, 6, 10, 7, 58, 'Regular'),
(698, 646, 9, 71, 5, 7, 10, 41, 'Insatisfatório'),
(699, 647, 9, 71, 5, 4, 13, 23, 'Insatisfatório'),
(700, 648, 9, 71, 5, 14, 3, 82, 'Satisfatório'),
(701, 649, 9, 71, 5, 5, 12, 29, 'Insatisfatório'),
(702, 650, 9, 71, 5, 15, 2, 88, 'Satisfatório'),
(703, 651, 9, 71, 5, 5, 12, 29, 'Insatisfatório'),
(704, 652, 9, 71, 5, 11, 6, 64, 'Regular'),
(705, 653, 9, 71, 5, 3, 14, 17, 'Insatisfatório'),
(706, 654, 9, 71, 5, 1, 16, 5, 'Insatisfatório'),
(707, 655, 9, 71, 5, 1, 16, 5, 'Insatisfatório'),
(708, 656, 9, 71, 5, 6, 11, 35, 'Insatisfatório'),
(709, 657, 9, 71, 5, 11, 6, 64, 'Regular'),
(710, 658, 9, 71, 5, 11, 6, 64, 'Regular'),
(711, 664, 9, 71, 5, 3, 14, 17, 'Insatisfatório'),
(712, 659, 9, 71, 5, 12, 5, 70, 'Satisfatório'),
(713, 660, 9, 71, 5, 6, 11, 35, 'Insatisfatório'),
(714, 661, 9, 71, 5, 8, 9, 47, 'Insatisfatório'),
(715, 662, 9, 71, 5, 5, 12, 29, 'Insatisfatório'),
(716, 663, 9, 71, 5, 12, 5, 70, 'Satisfatório'),
(717, 471, 10, 58, 4, 13, 4, 76, 'Satisfatório'),
(718, 501, 10, 59, 4, 5, 12, 29, 'Insatisfatório'),
(719, 469, 10, 58, 4, 9, 8, 52, 'Regular'),
(720, 500, 10, 59, 4, 2, 15, 11, 'Insatisfatório'),
(721, 480, 10, 58, 4, 11, 6, 64, 'Regular'),
(722, 493, 10, 59, 4, 11, 6, 64, 'Regular'),
(723, 478, 10, 58, 4, 12, 5, 70, 'Satisfatório'),
(724, 497, 10, 59, 4, 8, 9, 47, 'Insatisfatório'),
(725, 484, 10, 58, 4, 6, 11, 35, 'Insatisfatório'),
(726, 494, 10, 59, 4, 7, 10, 41, 'Insatisfatório'),
(727, 482, 10, 58, 4, 6, 11, 35, 'Insatisfatório'),
(728, 492, 10, 59, 4, 13, 4, 76, 'Satisfatório'),
(729, 466, 10, 58, 4, 10, 7, 58, 'Regular'),
(730, 468, 10, 58, 4, 10, 7, 58, 'Regular'),
(731, 491, 10, 59, 4, 11, 6, 64, 'Regular'),
(732, 473, 10, 58, 4, 7, 10, 41, 'Insatisfatório'),
(733, 499, 10, 59, 4, 7, 10, 41, 'Insatisfatório'),
(734, 465, 10, 58, 4, 11, 6, 64, 'Regular'),
(735, 502, 10, 59, 4, 10, 7, 58, 'Regular'),
(736, 467, 10, 58, 4, 10, 7, 58, 'Regular'),
(737, 503, 10, 59, 4, 12, 5, 70, 'Satisfatório'),
(738, 474, 10, 58, 4, 6, 11, 35, 'Insatisfatório'),
(739, 506, 10, 59, 4, 13, 4, 76, 'Satisfatório'),
(740, 472, 10, 58, 4, 10, 7, 58, 'Regular'),
(741, 489, 10, 59, 4, 9, 8, 52, 'Regular'),
(742, 504, 10, 59, 4, 14, 3, 82, 'Satisfatório'),
(743, 485, 10, 58, 4, 8, 9, 47, 'Insatisfatório'),
(744, 490, 10, 59, 4, 13, 4, 76, 'Satisfatório'),
(745, 483, 10, 58, 4, 14, 3, 82, 'Satisfatório'),
(746, 496, 10, 59, 4, 11, 6, 64, 'Regular'),
(747, 495, 10, 59, 4, 10, 7, 58, 'Regular'),
(748, 498, 10, 59, 4, 10, 7, 58, 'Regular'),
(749, 510, 10, 60, 4, 14, 3, 82, 'Satisfatório'),
(750, 525, 10, 60, 4, 7, 10, 41, 'Insatisfatório'),
(751, 524, 10, 60, 4, 4, 13, 23, 'Insatisfatório'),
(752, 511, 10, 60, 4, 13, 4, 76, 'Satisfatório'),
(753, 509, 10, 60, 4, 10, 7, 58, 'Regular'),
(754, 508, 10, 60, 4, 6, 11, 35, 'Insatisfatório'),
(755, 521, 10, 60, 4, 9, 8, 52, 'Regular'),
(756, 522, 10, 60, 4, 15, 2, 88, 'Satisfatório'),
(757, 519, 10, 60, 4, 15, 2, 88, 'Satisfatório'),
(758, 517, 10, 60, 4, 8, 9, 47, 'Insatisfatório'),
(759, 505, 10, 59, 4, 0, 17, 0, 'Insatisfatório'),
(760, 1, 10, 13, 1, 8, 9, 47, 'Insatisfatório'),
(761, 2, 10, 13, 1, 9, 8, 52, 'Regular'),
(762, 3, 10, 13, 1, 13, 4, 76, 'Satisfatório'),
(763, 5, 10, 13, 1, 15, 2, 88, 'Satisfatório'),
(764, 6, 10, 13, 1, 11, 6, 64, 'Regular'),
(765, 7, 10, 13, 1, 14, 3, 82, 'Satisfatório'),
(766, 8, 10, 13, 1, 12, 5, 70, 'Satisfatório'),
(767, 9, 10, 13, 1, 14, 3, 82, 'Satisfatório'),
(768, 10, 10, 13, 1, 10, 7, 58, 'Regular'),
(769, 11, 10, 13, 1, 14, 3, 82, 'Satisfatório'),
(770, 12, 10, 13, 1, 14, 3, 82, 'Satisfatório'),
(771, 13, 10, 13, 1, 14, 3, 82, 'Satisfatório'),
(772, 14, 10, 13, 1, 14, 3, 82, 'Satisfatório'),
(773, 15, 10, 13, 1, 6, 11, 35, 'Insatisfatório'),
(774, 16, 10, 13, 1, 11, 6, 64, 'Regular'),
(775, 464, 10, 58, 4, 3, 14, 17, 'Insatisfatório'),
(776, 481, 10, 58, 4, 6, 11, 35, 'Insatisfatório'),
(777, 470, 10, 58, 4, 12, 5, 70, 'Satisfatório'),
(778, 476, 10, 58, 4, 4, 13, 23, 'Insatisfatório'),
(779, 475, 10, 58, 4, 3, 14, 17, 'Insatisfatório'),
(780, 477, 10, 58, 4, 11, 6, 64, 'Regular'),
(781, 479, 10, 58, 4, 7, 10, 41, 'Insatisfatório'),
(782, 513, 10, 60, 4, 14, 3, 82, 'Satisfatório'),
(783, 514, 10, 60, 4, 13, 4, 76, 'Satisfatório'),
(784, 520, 10, 60, 4, 16, 1, 94, 'Plenamente Satisfatório'),
(785, 515, 10, 60, 4, 14, 3, 82, 'Satisfatório'),
(786, 523, 10, 60, 4, 12, 5, 70, 'Satisfatório'),
(787, 516, 10, 60, 4, 13, 4, 76, 'Satisfatório'),
(788, 512, 10, 60, 4, 15, 2, 88, 'Satisfatório'),
(789, 518, 10, 60, 4, 11, 6, 64, 'Regular'),
(790, 526, 10, 60, 4, 6, 11, 35, 'Insatisfatório'),
(791, 182, 10, 43, 3, 7, 10, 41, 'Insatisfatório'),
(792, 183, 10, 43, 3, 5, 12, 29, 'Insatisfatório'),
(793, 184, 10, 43, 3, 5, 12, 29, 'Insatisfatório'),
(794, 185, 10, 43, 3, 1, 16, 5, 'Insatisfatório'),
(795, 186, 10, 43, 3, 6, 11, 35, 'Insatisfatório'),
(796, 187, 10, 43, 3, 6, 11, 35, 'Insatisfatório'),
(797, 189, 10, 43, 3, 13, 4, 76, 'Satisfatório'),
(798, 188, 10, 43, 3, 6, 11, 35, 'Insatisfatório'),
(799, 190, 10, 43, 3, 7, 10, 41, 'Insatisfatório'),
(800, 191, 10, 43, 3, 3, 14, 17, 'Insatisfatório'),
(801, 192, 10, 43, 3, 8, 9, 47, 'Insatisfatório'),
(802, 193, 10, 43, 3, 11, 6, 64, 'Regular'),
(803, 194, 10, 43, 3, 10, 7, 58, 'Regular'),
(804, 195, 10, 43, 3, 8, 9, 47, 'Insatisfatório'),
(805, 196, 10, 43, 3, 13, 4, 76, 'Satisfatório'),
(806, 197, 10, 43, 3, 13, 4, 76, 'Satisfatório'),
(807, 198, 10, 43, 3, 6, 11, 35, 'Insatisfatório'),
(808, 199, 10, 43, 3, 2, 15, 11, 'Insatisfatório'),
(809, 200, 10, 43, 3, 8, 9, 47, 'Insatisfatório'),
(810, 201, 10, 43, 3, 6, 11, 35, 'Insatisfatório'),
(811, 202, 10, 43, 3, 11, 6, 64, 'Regular'),
(812, 203, 10, 43, 3, 7, 10, 41, 'Insatisfatório'),
(813, 204, 10, 43, 3, 4, 13, 23, 'Insatisfatório'),
(814, 205, 10, 43, 3, 7, 10, 41, 'Insatisfatório'),
(815, 206, 10, 43, 3, 10, 7, 58, 'Regular'),
(816, 207, 10, 43, 3, 7, 10, 41, 'Insatisfatório'),
(817, 208, 10, 43, 3, 3, 14, 17, 'Insatisfatório'),
(818, 876, 10, 88, 6, 15, 2, 88, 'Satisfatório'),
(819, 870, 10, 88, 6, 4, 13, 23, 'Insatisfatório'),
(820, 878, 10, 88, 6, 11, 6, 64, 'Regular'),
(821, 873, 10, 88, 6, 10, 7, 58, 'Regular'),
(822, 893, 10, 89, 6, 12, 5, 70, 'Satisfatório'),
(823, 883, 10, 89, 6, 12, 5, 70, 'Satisfatório'),
(824, 890, 10, 89, 6, 12, 5, 70, 'Satisfatório'),
(825, 894, 10, 89, 6, 11, 6, 64, 'Regular'),
(826, 881, 10, 88, 6, 3, 14, 17, 'Insatisfatório'),
(827, 875, 10, 88, 6, 12, 5, 70, 'Satisfatório'),
(828, 889, 10, 89, 6, 8, 9, 47, 'Insatisfatório'),
(829, 884, 10, 89, 6, 12, 5, 70, 'Satisfatório'),
(830, 868, 10, 88, 6, 15, 2, 88, 'Satisfatório'),
(831, 896, 10, 89, 6, 10, 7, 58, 'Regular'),
(832, 865, 10, 88, 6, 13, 4, 76, 'Satisfatório'),
(833, 897, 10, 89, 6, 11, 6, 64, 'Regular'),
(834, 866, 10, 88, 6, 10, 7, 58, 'Regular'),
(835, 882, 10, 89, 6, 11, 6, 64, 'Regular'),
(836, 895, 10, 89, 6, 10, 7, 58, 'Regular'),
(837, 872, 10, 88, 6, 12, 5, 70, 'Satisfatório'),
(838, 888, 10, 89, 6, 6, 11, 35, 'Insatisfatório'),
(839, 869, 10, 88, 6, 13, 4, 76, 'Satisfatório'),
(840, 880, 10, 88, 6, 10, 7, 58, 'Regular'),
(841, 885, 10, 89, 6, 8, 9, 47, 'Insatisfatório'),
(842, 871, 10, 88, 6, 8, 9, 47, 'Insatisfatório'),
(843, 892, 10, 89, 6, 3, 14, 17, 'Insatisfatório'),
(844, 879, 10, 88, 6, 10, 7, 58, 'Regular'),
(845, 886, 10, 89, 6, 15, 2, 88, 'Satisfatório'),
(846, 877, 10, 88, 6, 13, 4, 76, 'Satisfatório'),
(847, 898, 10, 89, 6, 12, 5, 70, 'Satisfatório'),
(848, 887, 10, 89, 6, 4, 13, 23, 'Insatisfatório'),
(849, 874, 10, 88, 6, 10, 7, 58, 'Regular'),
(850, 867, 10, 88, 6, 12, 5, 70, 'Satisfatório'),
(851, 907, 10, 90, 6, 6, 11, 35, 'Insatisfatório'),
(852, 906, 10, 90, 6, 8, 9, 47, 'Insatisfatório'),
(853, 911, 10, 90, 6, 3, 14, 17, 'Insatisfatório'),
(854, 910, 10, 90, 6, 3, 14, 17, 'Insatisfatório'),
(855, 488, 10, 58, 4, 0, 17, 0, 'Insatisfatório'),
(856, 904, 10, 90, 6, 10, 7, 58, 'Regular'),
(857, 912, 10, 90, 6, 10, 7, 58, 'Regular'),
(858, 914, 10, 90, 6, 6, 11, 35, 'Insatisfatório'),
(859, 900, 10, 90, 6, 12, 5, 70, 'Satisfatório'),
(860, 899, 10, 90, 6, 3, 14, 17, 'Insatisfatório'),
(861, 902, 10, 90, 6, 10, 7, 58, 'Regular'),
(862, 909, 10, 90, 6, 6, 11, 35, 'Insatisfatório'),
(863, 908, 10, 90, 6, 9, 8, 52, 'Regular'),
(864, 913, 10, 90, 6, 6, 11, 35, 'Insatisfatório'),
(865, 905, 10, 90, 6, 8, 9, 47, 'Insatisfatório'),
(866, 901, 10, 90, 6, 10, 7, 58, 'Regular'),
(867, 903, 10, 90, 6, 5, 12, 29, 'Insatisfatório'),
(868, 665, 10, 73, 5, 8, 9, 47, 'Insatisfatório'),
(869, 666, 10, 73, 5, 8, 9, 47, 'Insatisfatório'),
(870, 667, 10, 73, 5, 10, 7, 58, 'Regular'),
(871, 668, 10, 73, 5, 16, 1, 94, 'Plenamente Satisfatório'),
(872, 669, 10, 73, 5, 9, 8, 52, 'Regular'),
(873, 688, 10, 73, 5, 5, 12, 29, 'Insatisfatório'),
(874, 689, 10, 73, 5, 7, 10, 41, 'Insatisfatório'),
(875, 670, 10, 73, 5, 12, 5, 70, 'Satisfatório'),
(876, 599, 8, 67, 5, 15, 2, 88, 'Satisfatório'),
(877, 600, 8, 67, 5, 12, 5, 70, 'Satisfatório'),
(878, 601, 8, 67, 5, 2, 15, 11, 'Insatisfatório'),
(879, 602, 8, 67, 5, 13, 4, 76, 'Satisfatório'),
(880, 603, 8, 67, 5, 15, 2, 88, 'Satisfatório'),
(881, 604, 8, 67, 5, 13, 4, 76, 'Satisfatório'),
(882, 605, 8, 67, 5, 12, 5, 70, 'Satisfatório'),
(883, 606, 8, 67, 5, 12, 5, 70, 'Satisfatório'),
(884, 608, 8, 67, 5, 14, 3, 82, 'Satisfatório'),
(885, 609, 8, 67, 5, 5, 12, 29, 'Insatisfatório'),
(886, 610, 8, 67, 5, 12, 5, 70, 'Satisfatório'),
(887, 611, 8, 67, 5, 12, 5, 70, 'Satisfatório'),
(888, 612, 8, 67, 5, 13, 4, 76, 'Satisfatório'),
(889, 613, 8, 67, 5, 9, 8, 52, 'Regular'),
(890, 614, 8, 67, 5, 6, 11, 35, 'Insatisfatório'),
(891, 615, 8, 67, 5, 15, 2, 88, 'Satisfatório'),
(892, 616, 8, 67, 5, 12, 5, 70, 'Satisfatório'),
(893, 617, 8, 67, 5, 7, 10, 41, 'Insatisfatório'),
(894, 618, 8, 67, 5, 11, 6, 64, 'Regular'),
(895, 619, 8, 67, 5, 6, 11, 35, 'Insatisfatório'),
(896, 620, 8, 67, 5, 12, 5, 70, 'Satisfatório'),
(897, 621, 8, 67, 5, 11, 6, 64, 'Regular'),
(898, 622, 8, 67, 5, 10, 7, 58, 'Regular'),
(899, 623, 8, 67, 5, 15, 2, 88, 'Satisfatório'),
(900, 624, 8, 67, 5, 12, 5, 70, 'Satisfatório'),
(901, 625, 9, 70, 5, 3, 14, 17, 'Insatisfatório'),
(902, 626, 9, 70, 5, 9, 8, 52, 'Regular'),
(903, 627, 9, 70, 5, 4, 13, 23, 'Insatisfatório'),
(904, 628, 9, 70, 5, 15, 2, 88, 'Satisfatório'),
(905, 629, 9, 70, 5, 15, 2, 88, 'Satisfatório'),
(906, 630, 9, 70, 5, 7, 10, 41, 'Insatisfatório'),
(907, 631, 9, 70, 5, 5, 12, 29, 'Insatisfatório'),
(908, 632, 9, 70, 5, 14, 3, 82, 'Satisfatório'),
(909, 634, 9, 70, 5, 3, 14, 17, 'Insatisfatório'),
(910, 635, 9, 70, 5, 13, 4, 76, 'Satisfatório'),
(911, 636, 9, 70, 5, 12, 5, 70, 'Satisfatório'),
(912, 637, 9, 70, 5, 3, 14, 17, 'Insatisfatório'),
(913, 638, 9, 70, 5, 12, 5, 70, 'Satisfatório'),
(914, 639, 9, 70, 5, 9, 8, 52, 'Regular'),
(915, 640, 9, 70, 5, 13, 4, 76, 'Satisfatório'),
(916, 642, 9, 70, 5, 16, 1, 94, 'Plenamente Satisfatório'),
(917, 643, 9, 70, 5, 15, 2, 88, 'Satisfatório'),
(918, 645, 9, 70, 5, 14, 3, 82, 'Satisfatório'),
(919, 633, 9, 70, 5, 10, 7, 58, 'Regular'),
(920, 671, 10, 73, 5, 11, 6, 64, 'Regular'),
(921, 672, 10, 73, 5, 10, 7, 58, 'Regular'),
(922, 673, 10, 73, 5, 3, 14, 17, 'Insatisfatório'),
(923, 674, 10, 73, 5, 8, 9, 47, 'Insatisfatório'),
(924, 675, 10, 73, 5, 6, 11, 35, 'Insatisfatório'),
(925, 685, 10, 73, 5, 8, 9, 47, 'Insatisfatório'),
(926, 678, 10, 73, 5, 3, 14, 17, 'Insatisfatório'),
(927, 679, 10, 73, 5, 5, 12, 29, 'Insatisfatório'),
(928, 677, 10, 73, 5, 4, 13, 23, 'Insatisfatório'),
(929, 686, 10, 73, 5, 3, 14, 17, 'Insatisfatório'),
(930, 680, 10, 73, 5, 3, 14, 17, 'Insatisfatório'),
(931, 681, 10, 73, 5, 4, 13, 23, 'Insatisfatório'),
(932, 683, 10, 73, 5, 6, 11, 35, 'Insatisfatório'),
(933, 682, 10, 73, 5, 12, 5, 70, 'Satisfatório'),
(934, 684, 10, 73, 5, 10, 7, 58, 'Regular'),
(935, 690, 10, 73, 5, 8, 9, 47, 'Insatisfatório'),
(936, 691, 10, 73, 5, 7, 10, 41, 'Insatisfatório'),
(937, 1195, 10, 61, 5, 2, 15, 11, 'Insatisfatório'),
(938, 1037, 6, 17, 2, 6, 11, 35, 'Insatisfatório'),
(939, 1036, 6, 17, 2, 9, 8, 52, 'Regular'),
(940, 1035, 6, 17, 2, 13, 4, 76, 'Satisfatório'),
(941, 1042, 6, 17, 2, 13, 4, 76, 'Satisfatório'),
(942, 1041, 6, 17, 2, 12, 5, 70, 'Satisfatório'),
(943, 1039, 6, 17, 2, 13, 4, 76, 'Satisfatório'),
(944, 1038, 6, 17, 2, 9, 8, 52, 'Regular'),
(945, 32, 6, 16, 2, 16, 1, 94, 'Plenamente Satisfatório'),
(946, 36, 6, 16, 2, 6, 11, 35, 'Insatisfatório'),
(947, 33, 6, 16, 2, 13, 4, 76, 'Satisfatório'),
(948, 22, 6, 16, 2, 9, 8, 52, 'Regular'),
(949, 29, 6, 16, 2, 13, 4, 76, 'Satisfatório'),
(950, 35, 6, 16, 2, 11, 6, 64, 'Regular'),
(951, 30, 6, 16, 2, 9, 8, 52, 'Regular'),
(952, 26, 6, 16, 2, 14, 3, 82, 'Satisfatório'),
(953, 31, 6, 16, 2, 8, 9, 47, 'Insatisfatório'),
(954, 18, 6, 16, 2, 10, 7, 58, 'Regular'),
(955, 27, 6, 16, 2, 13, 4, 76, 'Satisfatório'),
(956, 20, 6, 16, 2, 14, 3, 82, 'Satisfatório'),
(957, 23, 6, 16, 2, 8, 9, 47, 'Insatisfatório'),
(958, 19, 6, 16, 2, 7, 10, 41, 'Insatisfatório'),
(959, 24, 6, 16, 2, 15, 2, 88, 'Satisfatório'),
(960, 34, 6, 16, 2, 10, 7, 58, 'Regular'),
(961, 1046, 7, 20, 2, 10, 7, 58, 'Regular'),
(962, 1051, 7, 20, 2, 8, 9, 47, 'Insatisfatório'),
(963, 1050, 7, 20, 2, 6, 11, 35, 'Insatisfatório'),
(964, 1044, 7, 20, 2, 10, 7, 58, 'Regular'),
(965, 1045, 7, 20, 2, 5, 12, 29, 'Insatisfatório'),
(966, 1048, 7, 20, 2, 16, 1, 94, 'Plenamente Satisfatório'),
(967, 1049, 7, 20, 2, 12, 5, 70, 'Satisfatório'),
(968, 1052, 7, 20, 2, 10, 7, 58, 'Regular'),
(969, 1053, 7, 20, 2, 12, 5, 70, 'Satisfatório'),
(970, 1047, 7, 20, 2, 3, 14, 17, 'Insatisfatório'),
(971, 1142, 9, 100, 7, 5, 12, 29, 'Insatisfatório'),
(972, 1151, 9, 100, 7, 5, 12, 29, 'Insatisfatório'),
(973, 1131, 9, 100, 7, 16, 1, 94, 'Plenamente Satisfatório'),
(974, 1133, 9, 100, 7, 16, 1, 94, 'Plenamente Satisfatório'),
(975, 1137, 9, 100, 7, 15, 2, 88, 'Satisfatório'),
(976, 1124, 9, 100, 7, 15, 2, 88, 'Satisfatório'),
(977, 1134, 9, 100, 7, 14, 3, 82, 'Satisfatório'),
(978, 1127, 9, 100, 7, 14, 3, 82, 'Satisfatório'),
(979, 1130, 9, 100, 7, 9, 8, 52, 'Regular'),
(980, 1139, 9, 100, 7, 11, 6, 64, 'Regular'),
(981, 1141, 9, 100, 7, 6, 11, 35, 'Insatisfatório'),
(982, 1149, 9, 100, 7, 10, 7, 58, 'Regular'),
(983, 1128, 9, 100, 7, 10, 7, 58, 'Regular'),
(984, 1123, 9, 100, 7, 13, 4, 76, 'Satisfatório'),
(985, 1148, 9, 100, 7, 3, 14, 17, 'Insatisfatório'),
(986, 1150, 9, 100, 7, 9, 8, 52, 'Regular'),
(987, 1125, 9, 100, 7, 10, 7, 58, 'Regular'),
(988, 1129, 9, 100, 7, 7, 10, 41, 'Insatisfatório'),
(989, 1126, 9, 100, 7, 11, 6, 64, 'Regular'),
(990, 1146, 9, 100, 7, 6, 11, 35, 'Insatisfatório'),
(991, 1144, 9, 100, 7, 11, 6, 64, 'Regular'),
(992, 1136, 9, 100, 7, 11, 6, 64, 'Regular'),
(993, 1147, 9, 100, 7, 5, 12, 29, 'Insatisfatório'),
(994, 1135, 9, 100, 7, 9, 8, 52, 'Regular'),
(995, 1145, 9, 100, 7, 13, 4, 76, 'Satisfatório'),
(996, 1143, 9, 100, 7, 5, 12, 29, 'Insatisfatório'),
(997, 1138, 9, 100, 7, 12, 5, 70, 'Satisfatório'),
(998, 1140, 9, 100, 7, 2, 15, 11, 'Insatisfatório'),
(999, 1056, 6, 1, 1, 8, 9, 47, 'Insatisfatório'),
(1000, 1054, 6, 1, 1, 17, 0, 99, 'Plenamente Satisfatório'),
(1001, 1064, 6, 1, 1, 13, 4, 76, 'Satisfatório'),
(1002, 1055, 6, 1, 1, 16, 1, 94, 'Plenamente Satisfatório'),
(1003, 1057, 6, 1, 1, 17, 0, 99, 'Plenamente Satisfatório'),
(1004, 1058, 6, 1, 1, 17, 0, 99, 'Plenamente Satisfatório'),
(1005, 1059, 6, 1, 1, 17, 0, 99, 'Plenamente Satisfatório'),
(1006, 1060, 6, 1, 1, 15, 2, 88, 'Satisfatório'),
(1007, 1061, 6, 1, 1, 11, 6, 64, 'Regular'),
(1008, 1062, 6, 1, 1, 16, 1, 94, 'Plenamente Satisfatório'),
(1009, 1063, 6, 1, 1, 16, 1, 94, 'Plenamente Satisfatório'),
(1010, 715, 6, 77, 6, 17, 0, 99, 'Plenamente Satisfatório'),
(1011, 716, 6, 77, 6, 16, 1, 94, 'Plenamente Satisfatório'),
(1012, 718, 6, 77, 6, 16, 1, 94, 'Plenamente Satisfatório'),
(1013, 719, 6, 77, 6, 16, 1, 94, 'Plenamente Satisfatório'),
(1014, 721, 6, 77, 6, 13, 4, 76, 'Satisfatório'),
(1015, 722, 6, 77, 6, 9, 8, 52, 'Regular'),
(1016, 723, 6, 77, 6, 11, 6, 64, 'Regular'),
(1017, 725, 6, 77, 6, 11, 6, 64, 'Regular'),
(1018, 726, 6, 77, 6, 12, 5, 70, 'Satisfatório'),
(1019, 727, 6, 77, 6, 8, 9, 47, 'Insatisfatório'),
(1020, 1197, 6, 62, 5, 13, 4, 76, 'Satisfatório'),
(1021, 1122, 7, 51, 4, 13, 4, 76, 'Satisfatório'),
(1022, 1065, 7, 4, 1, 14, 3, 82, 'Satisfatório'),
(1023, 1066, 7, 4, 1, 14, 3, 82, 'Satisfatório'),
(1024, 1067, 7, 4, 1, 14, 3, 82, 'Satisfatório'),
(1025, 1068, 7, 4, 1, 9, 8, 52, 'Regular'),
(1026, 1069, 7, 4, 1, 11, 6, 64, 'Regular'),
(1027, 1070, 7, 4, 1, 13, 4, 76, 'Satisfatório'),
(1028, 1071, 7, 4, 1, 11, 6, 64, 'Regular'),
(1029, 1072, 7, 4, 1, 14, 3, 82, 'Satisfatório'),
(1030, 1096, 7, 34, 3, 9, 8, 52, 'Regular'),
(1031, 1097, 7, 34, 3, 5, 12, 29, 'Insatisfatório'),
(1032, 1098, 7, 34, 3, 9, 8, 52, 'Regular'),
(1033, 1099, 7, 34, 3, 14, 3, 82, 'Satisfatório'),
(1034, 1100, 7, 34, 3, 12, 5, 70, 'Satisfatório'),
(1035, 1101, 7, 34, 3, 13, 4, 76, 'Satisfatório'),
(1036, 1102, 7, 34, 3, 13, 4, 76, 'Satisfatório'),
(1037, 1103, 7, 34, 3, 11, 6, 64, 'Regular'),
(1038, 1104, 7, 34, 3, 10, 7, 58, 'Regular'),
(1039, 1105, 7, 34, 3, 11, 6, 64, 'Regular'),
(1040, 1106, 7, 34, 3, 8, 9, 47, 'Insatisfatório'),
(1041, 1107, 7, 34, 3, 8, 9, 47, 'Insatisfatório'),
(1042, 1108, 7, 34, 3, 9, 8, 52, 'Regular'),
(1043, 1109, 7, 34, 3, 12, 5, 70, 'Satisfatório'),
(1044, 1110, 7, 34, 3, 11, 6, 64, 'Regular'),
(1045, 1111, 7, 34, 3, 9, 8, 52, 'Regular'),
(1046, 1112, 7, 34, 3, 8, 9, 47, 'Insatisfatório'),
(1047, 1113, 7, 34, 3, 7, 10, 41, 'Insatisfatório'),
(1048, 1114, 7, 34, 3, 12, 5, 70, 'Satisfatório'),
(1049, 397, 8, 54, 4, 9, 8, 52, 'Regular'),
(1050, 387, 8, 54, 4, 10, 7, 58, 'Regular'),
(1051, 383, 8, 54, 4, 7, 10, 41, 'Insatisfatório'),
(1052, 394, 8, 54, 4, 5, 12, 29, 'Insatisfatório');
INSERT INTO `Resultado_mat` (`idResultado`, `idAluno`, `idDisciplina`, `idClasse`, `idEscola`, `acertos`, `erros`, `pontuacaoAluno`, `classificacao`) VALUES
(1053, 391, 8, 54, 4, 15, 2, 88, 'Satisfatório'),
(1054, 398, 8, 54, 4, 13, 4, 76, 'Satisfatório'),
(1055, 399, 8, 54, 4, 15, 2, 88, 'Satisfatório'),
(1056, 389, 8, 54, 4, 9, 8, 52, 'Regular'),
(1057, 386, 8, 54, 4, 5, 12, 29, 'Insatisfatório'),
(1058, 388, 8, 54, 4, 14, 3, 82, 'Satisfatório'),
(1059, 390, 8, 54, 4, 16, 1, 94, 'Plenamente Satisfatório'),
(1060, 385, 8, 54, 4, 8, 9, 47, 'Insatisfatório'),
(1061, 396, 8, 54, 4, 12, 5, 70, 'Satisfatório'),
(1062, 392, 8, 54, 4, 6, 11, 35, 'Insatisfatório'),
(1063, 384, 8, 54, 4, 4, 13, 23, 'Insatisfatório'),
(1064, 395, 8, 54, 4, 10, 7, 58, 'Regular'),
(1065, 393, 8, 54, 4, 7, 10, 41, 'Insatisfatório'),
(1066, 607, 8, 67, 5, 12, 5, 70, 'Satisfatório'),
(1067, 1073, 8, 7, 1, 7, 10, 41, 'Insatisfatório'),
(1068, 1074, 8, 7, 1, 12, 5, 70, 'Satisfatório'),
(1069, 1075, 8, 7, 1, 9, 8, 52, 'Regular'),
(1070, 1076, 8, 7, 1, 12, 5, 70, 'Satisfatório'),
(1071, 1077, 8, 7, 1, 16, 1, 94, 'Plenamente Satisfatório'),
(1072, 1078, 8, 7, 1, 16, 1, 94, 'Plenamente Satisfatório'),
(1073, 1079, 8, 7, 1, 12, 5, 70, 'Satisfatório'),
(1074, 1080, 8, 7, 1, 16, 1, 94, 'Plenamente Satisfatório'),
(1075, 1081, 8, 7, 1, 9, 8, 52, 'Regular'),
(1076, 1082, 8, 7, 1, 11, 6, 64, 'Regular'),
(1077, 1121, 8, 38, 3, 3, 14, 17, 'Insatisfatório'),
(1078, 1115, 8, 38, 3, 8, 9, 47, 'Insatisfatório'),
(1079, 1116, 8, 38, 3, 8, 9, 47, 'Insatisfatório'),
(1080, 1117, 8, 38, 3, 8, 9, 47, 'Insatisfatório'),
(1081, 1118, 8, 38, 3, 7, 10, 41, 'Insatisfatório'),
(1082, 1119, 8, 38, 3, 8, 9, 47, 'Insatisfatório'),
(1083, 1120, 8, 38, 3, 11, 6, 64, 'Regular'),
(1084, 1083, 9, 10, 1, 8, 9, 47, 'Insatisfatório'),
(1085, 1084, 9, 10, 1, 7, 10, 41, 'Insatisfatório'),
(1086, 1085, 9, 10, 1, 12, 5, 70, 'Satisfatório'),
(1087, 1086, 9, 10, 1, 9, 8, 52, 'Regular'),
(1088, 1087, 9, 10, 1, 6, 11, 35, 'Insatisfatório'),
(1089, 1088, 9, 10, 1, 2, 15, 11, 'Insatisfatório'),
(1090, 1089, 9, 10, 1, 3, 14, 17, 'Insatisfatório'),
(1091, 1090, 9, 10, 1, 10, 7, 58, 'Regular'),
(1092, 1091, 9, 10, 1, 6, 11, 35, 'Insatisfatório'),
(1093, 1092, 9, 10, 1, 14, 3, 82, 'Satisfatório'),
(1094, 1093, 9, 10, 1, 4, 13, 23, 'Insatisfatório'),
(1095, 1094, 9, 10, 1, 7, 10, 41, 'Insatisfatório'),
(1096, 1095, 9, 10, 1, 10, 7, 58, 'Regular'),
(1097, 507, 10, 60, 4, 14, 3, 82, 'Satisfatório'),
(1098, 676, 10, 73, 5, 6, 11, 35, 'Insatisfatório'),
(1099, 1040, 6, 17, 2, 14, 3, 82, 'Satisfatório'),
(1100, 916, 6, 91, 7, 13, 4, 76, 'Satisfatório'),
(1101, 918, 6, 91, 7, 13, 4, 76, 'Satisfatório'),
(1102, 915, 6, 91, 7, 14, 3, 82, 'Satisfatório'),
(1103, 917, 6, 91, 7, 9, 8, 52, 'Regular'),
(1104, 919, 6, 91, 7, 14, 3, 82, 'Satisfatório'),
(1105, 920, 6, 91, 7, 17, 0, 99, 'Plenamente Satisfatório'),
(1106, 921, 6, 91, 7, 13, 4, 76, 'Satisfatório'),
(1107, 922, 6, 91, 7, 17, 0, 99, 'Plenamente Satisfatório'),
(1108, 925, 6, 91, 7, 9, 8, 52, 'Regular'),
(1109, 926, 6, 91, 7, 16, 1, 94, 'Plenamente Satisfatório'),
(1110, 924, 6, 91, 7, 16, 1, 94, 'Plenamente Satisfatório'),
(1111, 927, 6, 91, 7, 12, 5, 70, 'Satisfatório'),
(1112, 928, 6, 91, 7, 17, 0, 99, 'Plenamente Satisfatório'),
(1113, 929, 6, 91, 7, 16, 1, 94, 'Plenamente Satisfatório'),
(1114, 930, 6, 91, 7, 14, 3, 82, 'Satisfatório'),
(1115, 931, 6, 91, 7, 15, 2, 88, 'Satisfatório'),
(1116, 932, 6, 91, 7, 14, 3, 82, 'Satisfatório'),
(1117, 933, 6, 91, 7, 15, 2, 88, 'Satisfatório'),
(1118, 935, 6, 91, 7, 8, 9, 47, 'Insatisfatório'),
(1119, 923, 6, 91, 7, 12, 5, 70, 'Satisfatório'),
(1120, 938, 6, 91, 7, 11, 6, 64, 'Regular'),
(1121, 939, 6, 91, 7, 10, 7, 58, 'Regular'),
(1122, 937, 6, 91, 7, 7, 10, 41, 'Insatisfatório'),
(1123, 975, 7, 95, 7, 13, 4, 76, 'Satisfatório'),
(1124, 51, 7, 19, 2, 5, 12, 29, 'Insatisfatório'),
(1125, 1199, 8, 22, 2, 12, 5, 70, 'Satisfatório'),
(1126, 1198, 8, 22, 2, 10, 7, 58, 'Regular'),
(1127, 1200, 8, 22, 2, 5, 12, 29, 'Insatisfatório'),
(1128, 1201, 8, 22, 2, 14, 3, 82, 'Satisfatório'),
(1129, 1205, 8, 22, 2, 7, 10, 41, 'Insatisfatório'),
(1130, 1203, 8, 22, 2, 13, 4, 76, 'Satisfatório'),
(1131, 1202, 8, 22, 2, 8, 9, 47, 'Insatisfatório'),
(1132, 1204, 8, 22, 2, 5, 12, 29, 'Insatisfatório'),
(1133, 1206, 8, 22, 2, 5, 12, 29, 'Insatisfatório'),
(1134, 1207, 8, 22, 2, 9, 8, 52, 'Regular'),
(1135, 1209, 8, 22, 2, 9, 8, 52, 'Regular'),
(1136, 1210, 8, 22, 2, 6, 11, 35, 'Insatisfatório'),
(1137, 1212, 8, 22, 2, 8, 9, 47, 'Insatisfatório'),
(1138, 1208, 8, 22, 2, 6, 11, 35, 'Insatisfatório'),
(1139, 1211, 8, 22, 2, 6, 11, 35, 'Insatisfatório'),
(1140, 1217, 8, 22, 2, 9, 8, 52, 'Regular'),
(1141, 1216, 8, 22, 2, 9, 8, 52, 'Regular'),
(1142, 1215, 8, 22, 2, 8, 9, 47, 'Insatisfatório'),
(1143, 1214, 8, 22, 2, 7, 10, 41, 'Insatisfatório'),
(1144, 1213, 8, 22, 2, 10, 7, 58, 'Regular'),
(1145, 1231, 9, 25, 2, 5, 12, 29, 'Insatisfatório'),
(1146, 1237, 9, 25, 2, 2, 15, 11, 'Insatisfatório'),
(1147, 1223, 9, 25, 2, 8, 9, 47, 'Insatisfatório'),
(1148, 1232, 9, 25, 2, 9, 8, 52, 'Regular'),
(1149, 1236, 9, 25, 2, 8, 9, 47, 'Insatisfatório'),
(1150, 1221, 9, 25, 2, 9, 8, 52, 'Regular'),
(1151, 1218, 9, 25, 2, 12, 5, 70, 'Satisfatório'),
(1152, 1219, 9, 25, 2, 10, 7, 58, 'Regular'),
(1153, 1220, 9, 25, 2, 11, 6, 64, 'Regular'),
(1154, 1224, 9, 25, 2, 5, 12, 29, 'Insatisfatório'),
(1155, 1229, 9, 25, 2, 13, 4, 76, 'Satisfatório'),
(1156, 1226, 9, 25, 2, 16, 1, 94, 'Plenamente Satisfatório'),
(1157, 1225, 9, 25, 2, 8, 9, 47, 'Insatisfatório'),
(1158, 1222, 9, 25, 2, 6, 11, 35, 'Insatisfatório'),
(1159, 1227, 9, 25, 2, 5, 12, 29, 'Insatisfatório'),
(1160, 1238, 9, 25, 2, 5, 12, 29, 'Insatisfatório'),
(1161, 1233, 9, 25, 2, 13, 4, 76, 'Satisfatório'),
(1162, 1241, 9, 25, 2, 16, 1, 94, 'Plenamente Satisfatório'),
(1163, 1240, 9, 25, 2, 5, 12, 29, 'Insatisfatório'),
(1164, 1228, 9, 25, 2, 13, 4, 76, 'Satisfatório'),
(1165, 1230, 9, 25, 2, 15, 2, 88, 'Satisfatório'),
(1166, 1239, 9, 25, 2, 16, 1, 94, 'Plenamente Satisfatório'),
(1167, 1234, 9, 25, 2, 11, 6, 64, 'Regular'),
(1168, 1235, 9, 25, 2, 14, 3, 82, 'Satisfatório'),
(1169, 1152, 10, 103, 7, 16, 1, 94, 'Plenamente Satisfatório'),
(1170, 1156, 10, 103, 7, 16, 1, 94, 'Plenamente Satisfatório'),
(1171, 1170, 10, 103, 7, 15, 2, 88, 'Satisfatório'),
(1172, 1173, 10, 103, 7, 11, 6, 64, 'Regular'),
(1173, 1161, 10, 103, 7, 16, 1, 94, 'Plenamente Satisfatório'),
(1174, 1159, 10, 103, 7, 16, 1, 94, 'Plenamente Satisfatório'),
(1175, 1155, 10, 103, 7, 12, 5, 70, 'Satisfatório'),
(1176, 1154, 10, 103, 7, 6, 11, 35, 'Insatisfatório'),
(1177, 1153, 10, 103, 7, 13, 4, 76, 'Satisfatório'),
(1178, 1162, 10, 103, 7, 14, 3, 82, 'Satisfatório'),
(1179, 1160, 10, 103, 7, 9, 8, 52, 'Regular'),
(1180, 1158, 10, 103, 7, 5, 12, 29, 'Insatisfatório'),
(1181, 1165, 10, 103, 7, 11, 6, 64, 'Regular'),
(1182, 1167, 10, 103, 7, 11, 6, 64, 'Regular'),
(1183, 1169, 10, 103, 7, 15, 2, 88, 'Satisfatório'),
(1184, 1157, 10, 103, 7, 15, 2, 88, 'Satisfatório'),
(1185, 1172, 10, 103, 7, 14, 3, 82, 'Satisfatório'),
(1186, 1171, 10, 103, 7, 10, 7, 58, 'Regular'),
(1187, 1163, 10, 103, 7, 5, 12, 29, 'Insatisfatório'),
(1188, 1168, 10, 103, 7, 7, 10, 41, 'Insatisfatório'),
(1189, 1166, 10, 103, 7, 13, 4, 76, 'Satisfatório'),
(1190, 1164, 10, 103, 7, 14, 3, 82, 'Satisfatório'),
(1191, 1174, 10, 103, 7, 11, 6, 64, 'Regular'),
(1192, 1250, 10, 28, 2, 4, 13, 23, 'Insatisfatório'),
(1193, 1246, 10, 28, 2, 10, 7, 58, 'Regular'),
(1194, 1251, 10, 28, 2, 3, 14, 17, 'Insatisfatório'),
(1195, 1259, 10, 28, 2, 14, 3, 82, 'Satisfatório'),
(1196, 1245, 10, 28, 2, 15, 2, 88, 'Satisfatório'),
(1197, 1244, 10, 28, 2, 9, 8, 52, 'Regular'),
(1198, 1256, 10, 28, 2, 11, 6, 64, 'Regular'),
(1199, 1243, 10, 28, 2, 9, 8, 52, 'Regular'),
(1200, 1242, 10, 28, 2, 7, 10, 41, 'Insatisfatório'),
(1201, 1247, 10, 28, 2, 9, 8, 52, 'Regular'),
(1202, 1252, 10, 28, 2, 11, 6, 64, 'Regular'),
(1203, 1249, 10, 28, 2, 13, 4, 76, 'Satisfatório'),
(1204, 1248, 10, 28, 2, 12, 5, 70, 'Satisfatório'),
(1205, 1253, 10, 28, 2, 11, 6, 64, 'Regular'),
(1206, 1254, 10, 28, 2, 9, 8, 52, 'Regular'),
(1207, 1255, 10, 28, 2, 12, 5, 70, 'Satisfatório'),
(1208, 1257, 10, 28, 2, 11, 6, 64, 'Regular'),
(1209, 1261, 10, 28, 2, 11, 6, 64, 'Regular'),
(1210, 1258, 10, 28, 2, 6, 11, 35, 'Insatisfatório'),
(1211, 1262, 10, 28, 2, 5, 12, 29, 'Insatisfatório'),
(1212, 1188, 10, 104, 7, 13, 4, 76, 'Satisfatório'),
(1213, 1185, 10, 104, 7, 12, 5, 70, 'Satisfatório'),
(1214, 1183, 10, 104, 7, 12, 5, 70, 'Satisfatório'),
(1215, 1178, 10, 104, 7, 9, 8, 52, 'Regular'),
(1216, 1176, 10, 104, 7, 16, 1, 94, 'Plenamente Satisfatório'),
(1217, 1177, 10, 104, 7, 14, 3, 82, 'Satisfatório'),
(1218, 1187, 10, 104, 7, 11, 6, 64, 'Regular'),
(1219, 1184, 10, 104, 7, 5, 12, 29, 'Insatisfatório'),
(1220, 1192, 10, 104, 7, 9, 8, 52, 'Regular'),
(1221, 1181, 10, 104, 7, 2, 15, 11, 'Insatisfatório'),
(1222, 1175, 10, 104, 7, 9, 8, 52, 'Regular'),
(1223, 1190, 10, 104, 7, 12, 5, 70, 'Satisfatório'),
(1224, 1189, 10, 104, 7, 7, 10, 41, 'Insatisfatório'),
(1225, 1186, 10, 104, 7, 8, 9, 47, 'Insatisfatório'),
(1226, 1180, 10, 104, 7, 11, 6, 64, 'Regular'),
(1227, 1191, 10, 104, 7, 9, 8, 52, 'Regular'),
(1228, 1182, 10, 104, 7, 12, 5, 70, 'Satisfatório'),
(1229, 1179, 10, 104, 7, 13, 4, 76, 'Satisfatório');

--
-- Índices de tabelas apagadas
--

--
-- Índices de tabela `Aluno`
--
ALTER TABLE `Aluno`
  ADD PRIMARY KEY (`idAluno`),
  ADD KEY `idClasse` (`idClasse`),
  ADD KEY `idEscola` (`idEscola`);

--
-- Índices de tabela `AlunoDisciplina`
--
ALTER TABLE `AlunoDisciplina`
  ADD PRIMARY KEY (`idAluno`,`idDisciplina`),
  ADD KEY `idDisciplina` (`idDisciplina`);

--
-- Índices de tabela `Autentic`
--
ALTER TABLE `Autentic`
  ADD PRIMARY KEY (`id`),
  ADD UNIQUE KEY `login` (`email`);

--
-- Índices de tabela `Classe`
--
ALTER TABLE `Classe`
  ADD PRIMARY KEY (`idClasse`),
  ADD KEY `idEscola` (`idEscola`);

--
-- Índices de tabela `Disciplina`
--
ALTER TABLE `Disciplina`
  ADD PRIMARY KEY (`idDisciplina`),
  ADD UNIQUE KEY `nomeDisciplina` (`nomeDisciplina`);

--
-- Índices de tabela `Escola`
--
ALTER TABLE `Escola`
  ADD PRIMARY KEY (`idEscola`),
  ADD UNIQUE KEY `nomeEscola` (`nomeEscola`);

--
-- Índices de tabela `Gabarito`
--
ALTER TABLE `Gabarito`
  ADD PRIMARY KEY (`idGabarito`),
  ADD KEY `idDisciplina` (`idDisciplina`);

--
-- Índices de tabela `Questoes_lp`
--
ALTER TABLE `Questoes_lp`
  ADD PRIMARY KEY (`idQuestao`),
  ADD KEY `idAluno` (`idAluno`),
  ADD KEY `idDisciplina` (`idDisciplina`),
  ADD KEY `idEscola` (`idEscola`);

--
-- Índices de tabela `Questoes_mat`
--
ALTER TABLE `Questoes_mat`
  ADD PRIMARY KEY (`idQuestao`),
  ADD KEY `idAluno` (`idAluno`),
  ADD KEY `idDisciplina` (`idDisciplina`),
  ADD KEY `idEscola` (`idEscola`);

--
-- Índices de tabela `Resultado_lp`
--
ALTER TABLE `Resultado_lp`
  ADD PRIMARY KEY (`idResultado`),
  ADD KEY `idAluno` (`idAluno`),
  ADD KEY `idDisciplina` (`idDisciplina`),
  ADD KEY `idClasse` (`idClasse`),
  ADD KEY `idEscola` (`idEscola`);

--
-- Índices de tabela `Resultado_mat`
--
ALTER TABLE `Resultado_mat`
  ADD PRIMARY KEY (`idResultado`),
  ADD KEY `idAluno` (`idAluno`),
  ADD KEY `idDisciplina` (`idDisciplina`),
  ADD KEY `idClasse` (`idClasse`),
  ADD KEY `idEscola` (`idEscola`);

--
-- AUTO_INCREMENT de tabelas apagadas
--

--
-- AUTO_INCREMENT de tabela `Aluno`
--
ALTER TABLE `Aluno`
  MODIFY `idAluno` int(11) NOT NULL AUTO_INCREMENT, AUTO_INCREMENT=1263;

--
-- AUTO_INCREMENT de tabela `Autentic`
--
ALTER TABLE `Autentic`
  MODIFY `id` int(11) NOT NULL AUTO_INCREMENT, AUTO_INCREMENT=12;

--
-- AUTO_INCREMENT de tabela `Classe`
--
ALTER TABLE `Classe`
  MODIFY `idClasse` int(11) NOT NULL AUTO_INCREMENT, AUTO_INCREMENT=107;

--
-- AUTO_INCREMENT de tabela `Disciplina`
--
ALTER TABLE `Disciplina`
  MODIFY `idDisciplina` int(11) NOT NULL AUTO_INCREMENT, AUTO_INCREMENT=11;

--
-- AUTO_INCREMENT de tabela `Escola`
--
ALTER TABLE `Escola`
  MODIFY `idEscola` int(11) NOT NULL AUTO_INCREMENT, AUTO_INCREMENT=11;

--
-- AUTO_INCREMENT de tabela `Gabarito`
--
ALTER TABLE `Gabarito`
  MODIFY `idGabarito` int(11) NOT NULL AUTO_INCREMENT, AUTO_INCREMENT=11;

--
-- AUTO_INCREMENT de tabela `Questoes_lp`
--
ALTER TABLE `Questoes_lp`
  MODIFY `idQuestao` int(11) NOT NULL AUTO_INCREMENT, AUTO_INCREMENT=1373;

--
-- AUTO_INCREMENT de tabela `Questoes_mat`
--
ALTER TABLE `Questoes_mat`
  MODIFY `idQuestao` int(11) NOT NULL AUTO_INCREMENT, AUTO_INCREMENT=1272;

--
-- AUTO_INCREMENT de tabela `Resultado_lp`
--
ALTER TABLE `Resultado_lp`
  MODIFY `idResultado` int(11) NOT NULL AUTO_INCREMENT, AUTO_INCREMENT=1230;

--
-- AUTO_INCREMENT de tabela `Resultado_mat`
--
ALTER TABLE `Resultado_mat`
  MODIFY `idResultado` int(11) NOT NULL AUTO_INCREMENT, AUTO_INCREMENT=1230;

--
-- Restrições para dumps de tabelas
--

--
-- Restrições para tabelas `Aluno`
--
ALTER TABLE `Aluno`
  ADD CONSTRAINT `Aluno_ibfk_1` FOREIGN KEY (`idClasse`) REFERENCES `Classe` (`idClasse`),
  ADD CONSTRAINT `Aluno_ibfk_2` FOREIGN KEY (`idEscola`) REFERENCES `Escola` (`idEscola`);
COMMIT;

/*!40101 SET CHARACTER_SET_CLIENT=@OLD_CHARACTER_SET_CLIENT */;
/*!40101 SET CHARACTER_SET_RESULTS=@OLD_CHARACTER_SET_RESULTS */;
/*!40101 SET COLLATION_CONNECTION=@OLD_COLLATION_CONNECTION */;
